player_id,full_name,team_name,position,now_cost,most_recent_gameweek_played,average_points,average_points_l3,average_goals_scored,average_goals_scored_l3,average_assists,average_assists_l3,average_clean_sheets,average_clean_sheets_l3,average_goals_conceded,average_goals_conceded_l3,average_expected_goals,average_expected_goals_l3,average_expected_assists,average_expected_assists_l3,average_expected_goals_conceded,average_expected_goals_conceded_l3,avg_xg_and_xa_l3,now_cost_per_avg_l3_points,now_cost_per_avg_l3_xg_and_xa,now_cost_per_avg_l3_xg_conceded,season
231,Vitalii Mykolenko,Crystal Palace,Defender,4.4,38.0,3.18,8.33,0.03,0.33,0.08,0.33,0.29,0.67,1.03,0.33,0.01,0.02,0.06,0.05,1.05,1.09,0.060000000000000005,0.53,73.33,4.04,2024_2025
162,Levi Colwill,Brighton,Defender,4.4,38.0,2.87,7.0,0.05,0.33,0.03,0.0,0.26,0.67,1.08,0.67,0.05,0.19,0.03,0.01,1.15,1.07,0.060000000000000005,0.63,73.33,4.11,2024_2025
44,Ezri Konsa Ngoyo,Aston Villa,Defender,4.5,38.0,2.71,7.0,0.05,0.33,0.0,0.0,0.21,0.67,1.18,0.67,0.03,0.12,0.02,0.04,1.15,1.39,0.07,0.64,64.29,3.24,2024_2025
126,Jack Hinshelwood,Brentford,Midfielder,4.9,38.0,2.34,7.33,0.13,1.0,0.08,0.0,0.16,0.0,0.79,0.33,0.07,0.43,0.04,0.01,0.79,0.65,0.08,0.67,61.25,7.54,2024_2025
163,Marc Cucurella Saseta,Brighton,Defender,5.4,38.0,3.5,8.0,0.13,0.33,0.05,0.0,0.24,0.67,1.0,0.67,0.07,0.07,0.06,0.02,1.05,1.07,0.09000000000000001,0.68,60.0,5.05,2024_2025
228,Michael Keane,Crystal Palace,Defender,3.8,38.0,1.26,5.33,0.08,0.33,0.0,0.0,0.08,0.33,0.53,0.33,0.02,0.06,0.0,0.0,0.5,0.98,0.02,0.71,190.0,3.88,2024_2025
433,Morgan Gibbs-White,Nott'm Forest,Midfielder,6.5,38.0,4.05,8.67,0.18,0.67,0.29,0.33,0.34,0.33,0.89,1.0,0.17,0.47,0.12,0.12,1.08,1.03,0.29000000000000004,0.75,22.41,6.31,2024_2025
388,Aaron Wan-Bissaka,West Ham,Defender,4.5,38.0,3.11,6.0,0.05,0.0,0.16,0.67,0.16,0.33,1.55,1.0,0.03,0.0,0.07,0.09,1.5,1.68,0.12,0.75,37.5,2.68,2024_2025
235,Jordan Pickford,Crystal Palace,Goalkeeper,5.2,38.0,4.16,6.67,0.0,0.0,0.03,0.0,0.32,0.67,1.16,0.33,0.0,0.0,0.01,0.0,1.21,1.09,0.0,0.78,inf,4.77,2024_2025
252,Raúl Jiménez,Everton,Forward,5.3,38.0,3.87,6.67,0.32,0.67,0.08,0.0,0.18,0.0,0.97,2.33,0.32,0.26,0.05,0.03,0.88,2.28,0.35,0.79,15.14,2.32,2024_2025
585,Ismaïla Sarr,Chelsea,Midfielder,5.5,38.0,3.92,6.67,0.21,0.33,0.18,0.67,0.26,0.33,1.03,1.0,0.28,0.55,0.18,0.25,1.02,1.31,0.53,0.82,10.38,4.2,2024_2025
514,Jarrod Bowen,West Ham,Midfielder,7.9,38.0,5.08,9.67,0.34,1.0,0.29,0.33,0.21,0.33,1.32,1.0,0.23,0.19,0.17,0.07,1.35,1.16,0.30000000000000004,0.82,26.33,6.81,2024_2025
199,Eberechi Eze,Chelsea,Midfielder,7.0,38.0,3.89,8.33,0.21,1.0,0.21,0.0,0.26,0.67,0.89,0.0,0.27,0.46,0.12,0.28,0.92,0.6,0.55,0.84,12.73,11.67,2024_2025
172,Reece James,Brighton,Defender,4.8,38.0,1.42,5.67,0.03,0.0,0.05,0.33,0.08,0.67,0.37,0.33,0.01,0.06,0.03,0.09,0.42,0.58,0.09999999999999999,0.85,48.0,8.28,2024_2025
78,Antoine Semenyo,Burnley,Midfielder,5.7,38.0,4.34,6.67,0.29,0.67,0.18,0.0,0.29,0.33,1.08,1.33,0.25,0.22,0.12,0.06,1.16,0.95,0.31,0.85,18.39,6.0,2024_2025
288,Conor Coady,Leeds,Defender,4.0,37.0,1.03,4.67,0.03,0.33,0.0,0.0,0.05,0.33,1.11,1.33,0.01,0.14,0.01,0.0,1.02,1.5,0.01,0.86,400.0,2.67,2024_2025
450,Carlos Alcaraz Durán,Crystal Palace,Midfielder,4.7,38.0,1.16,5.33,0.05,0.33,0.08,0.33,0.03,0.33,0.24,0.33,0.05,0.12,0.02,0.01,0.3,0.8,0.060000000000000005,0.88,78.33,5.88,2024_2025
187,Tosin Adarabioyo,Brighton,Defender,4.2,38.0,1.87,4.67,0.03,0.0,0.03,0.0,0.18,0.67,0.37,0.0,0.02,0.01,0.01,0.0,0.52,0.55,0.02,0.9,210.0,7.64,2024_2025
238,Ashley Young,Crystal Palace,Defender,4.2,38.0,2.58,4.67,0.03,0.0,0.11,0.0,0.24,0.67,0.61,0.33,0.01,0.0,0.08,0.35,0.69,1.09,0.36,0.9,11.67,3.85,2024_2025
361,Rúben Gato Alves Dias,Man City,Defender,5.5,38.0,2.37,6.0,0.0,0.0,0.0,0.0,0.29,0.67,0.55,0.33,0.04,0.03,0.03,0.07,0.78,0.97,0.11000000000000001,0.92,50.0,5.67,2024_2025
625,Ilkay Gündogan,Man City,Midfielder,6.3,38.0,2.62,6.67,0.03,0.33,0.19,0.67,0.27,0.67,0.76,0.0,0.09,0.16,0.12,0.18,0.96,0.69,0.27,0.94,23.33,9.13,2024_2025
14,Aaron Ramsdale,Sunderland,Goalkeeper,4.4,38.0,2.55,4.67,0.0,0.0,0.0,0.0,0.08,0.33,1.74,1.33,0.0,0.0,0.0,0.0,1.75,2.25,0.0,0.94,inf,1.96,2024_2025
295,James Justin,Leeds,Defender,4.1,38.0,1.84,4.33,0.05,0.0,0.05,0.33,0.08,0.33,1.79,1.33,0.04,0.01,0.02,0.04,1.68,1.36,0.08,0.95,51.25,3.01,2024_2025
91,Mark Flekken,Bournemouth,Goalkeeper,4.5,38.0,3.63,4.67,0.0,0.0,0.05,0.0,0.18,0.33,1.45,1.33,0.0,0.0,0.0,0.0,1.44,1.01,0.0,0.96,inf,4.46,2024_2025
185,Robert Sánchez,Brighton,Goalkeeper,4.5,38.0,3.32,4.67,0.0,0.0,0.0,0.0,0.26,0.67,0.89,0.67,0.0,0.0,0.0,0.0,1.01,1.07,0.0,0.96,inf,4.21,2024_2025
232,Iliman Ndiaye,Crystal Palace,Forward,5.2,38.0,3.0,5.33,0.24,0.67,0.0,0.0,0.39,0.67,0.63,0.0,0.16,0.34,0.04,0.04,0.76,0.46,0.2,0.98,26.0,11.3,2024_2025
566,Jørgen Strand Larsen,Wolves,Forward,5.2,38.0,3.82,5.33,0.37,0.33,0.11,0.67,0.18,0.0,1.37,1.33,0.27,0.08,0.03,0.01,1.16,0.67,0.28,0.98,18.57,7.76,2024_2025
364,Amad Diallo,Man Utd,Midfielder,5.3,38.0,3.39,5.33,0.21,0.33,0.21,0.33,0.18,0.33,0.79,1.0,0.12,0.16,0.1,0.16,0.83,0.83,0.28,0.99,18.93,6.39,2024_2025
395,Dan Burn,Newcastle,Defender,4.6,38.0,3.03,4.67,0.03,0.0,0.03,0.33,0.34,0.33,1.18,0.67,0.05,0.09,0.03,0.01,1.19,0.77,0.060000000000000005,0.99,76.67,5.97,2024_2025
147,Adam Webster,Brentford,Defender,4.3,38.0,1.03,4.33,0.0,0.0,0.03,0.33,0.11,0.33,0.29,1.0,0.01,0.08,0.01,0.02,0.38,1.7,0.03,0.99,143.33,2.53,2024_2025
42,Boubacar Kamara,Aston Villa,Midfielder,5.0,38.0,1.5,5.0,0.03,0.33,0.0,0.0,0.16,0.67,0.58,0.33,0.02,0.15,0.02,0.06,0.61,1.1,0.08,1.0,62.5,4.55,2024_2025
85,Illia Zabarnyi,Burnley,Defender,4.4,38.0,2.47,4.33,0.0,0.0,0.03,0.33,0.21,0.33,1.11,1.33,0.03,0.04,0.02,0.08,1.12,0.95,0.11,1.02,40.0,4.63,2024_2025
101,Christian Nørgaard,Bournemouth,Midfielder,4.8,38.0,2.82,4.67,0.13,0.0,0.13,0.67,0.16,0.33,1.18,1.33,0.11,0.13,0.04,0.06,1.17,1.01,0.16999999999999998,1.03,28.24,4.75,2024_2025
582,Jake O'Brien,Crystal Palace,Defender,4.5,38.0,1.71,4.33,0.05,0.0,0.0,0.0,0.13,0.67,0.45,0.0,0.02,0.03,0.01,0.0,0.49,0.83,0.02,1.04,225.0,5.42,2024_2025
319,Harvey Elliott,Liverpool,Midfielder,5.2,38.0,0.87,5.0,0.03,0.33,0.05,0.33,0.0,0.0,0.16,1.0,0.05,0.32,0.02,0.02,0.16,0.87,0.07,1.04,74.29,5.98,2024_2025
106,Kevin Schade,Bournemouth,Midfielder,5.3,38.0,3.92,5.0,0.29,0.33,0.11,0.0,0.26,0.33,0.89,1.33,0.22,0.18,0.05,0.04,0.81,0.66,0.26,1.06,20.38,8.03,2024_2025
305,Luke Thomas,Leeds,Defender,3.9,38.0,0.71,3.67,0.0,0.0,0.0,0.0,0.08,0.67,0.61,0.67,0.01,0.0,0.01,0.07,0.66,1.33,0.08,1.06,48.75,2.93,2024_2025
21,Kieran Tierney,Arsenal,Defender,4.3,38.0,0.71,4.0,0.03,0.33,0.0,0.0,0.03,0.0,0.03,0.33,0.01,0.06,0.01,0.01,0.07,0.41,0.02,1.08,215.0,10.49,2024_2025
342,Bernardo Veiga de Carvalho e Silva,Man City,Midfielder,6.1,38.0,2.89,5.67,0.11,0.33,0.11,0.0,0.26,1.0,0.95,0.0,0.1,0.22,0.12,0.26,1.04,0.87,0.36,1.08,16.94,7.01,2024_2025
417,Sandro Tonali,Newcastle,Midfielder,5.5,38.0,2.79,5.0,0.11,0.33,0.05,0.0,0.29,0.33,0.89,0.67,0.12,0.25,0.07,0.28,0.87,0.77,0.4,1.1,13.75,7.14,2024_2025
32,Matty Cash,Aston Villa,Defender,4.4,38.0,2.0,4.0,0.03,0.0,0.03,0.0,0.18,0.67,0.58,0.67,0.01,0.05,0.03,0.01,0.75,1.39,0.02,1.1,220.0,3.17,2024_2025
211,Daniel Muñoz,Chelsea,Defender,5.2,38.0,3.74,4.67,0.11,0.0,0.16,0.33,0.29,0.33,1.21,1.0,0.13,0.08,0.09,0.1,1.22,1.46,0.23,1.11,22.61,3.56,2024_2025
530,Tomáš Souček,West Ham,Midfielder,4.8,38.0,3.32,4.33,0.24,0.33,0.05,0.0,0.18,0.33,1.16,0.67,0.17,0.24,0.03,0.01,1.17,1.49,0.18000000000000002,1.11,26.67,3.22,2024_2025
146,Bart Verbruggen,Brentford,Goalkeeper,4.5,38.0,2.71,4.0,0.0,0.0,0.03,0.0,0.18,0.33,1.53,1.0,0.0,0.0,0.0,0.0,1.4,1.7,0.0,1.12,inf,2.65,2024_2025
239,Adama Traoré,Everton,Midfielder,4.5,38.0,2.5,4.0,0.05,0.0,0.21,0.67,0.08,0.0,0.74,2.0,0.11,0.08,0.12,0.05,0.66,1.94,0.16,1.12,28.12,2.32,2024_2025
340,Manuel Akanji,Man City,Defender,5.3,38.0,1.61,4.67,0.0,0.0,0.0,0.0,0.16,0.67,0.74,0.33,0.04,0.29,0.03,0.07,0.78,0.97,0.11000000000000001,1.13,48.18,5.46,2024_2025
347,Ederson Santana de Moraes,Man City,Goalkeeper,5.3,38.0,2.92,4.67,0.0,0.0,0.11,0.0,0.26,0.67,0.68,0.33,0.0,0.0,0.0,0.0,0.78,0.97,0.0,1.13,inf,5.46,2024_2025
413,Nick Pope,Newcastle,Goalkeeper,5.0,38.0,2.68,4.33,0.0,0.0,0.0,0.0,0.21,0.33,0.92,0.67,0.0,0.0,0.0,0.0,0.92,0.77,0.0,1.15,inf,6.49,2024_2025
600,Yasin Ayari,Brentford,Midfielder,5.0,38.0,1.95,4.33,0.05,0.33,0.03,0.0,0.18,0.33,0.74,1.0,0.07,0.07,0.07,0.11,0.79,1.47,0.18,1.15,27.78,3.4,2024_2025
595,Brajan Gruda,Brentford,Midfielder,5.4,38.0,1.18,4.67,0.03,0.33,0.11,0.33,0.03,0.0,0.39,1.0,0.03,0.26,0.05,0.27,0.33,1.35,0.30000000000000004,1.16,18.0,4.0,2024_2025
11,Eddie Nketiah,Chelsea,Forward,5.9,38.0,1.39,5.0,0.08,0.67,0.05,0.0,0.05,0.0,0.45,1.0,0.16,0.38,0.02,0.01,0.38,0.91,0.17,1.18,34.71,6.48,2024_2025
148,Danny Welbeck,Brentford,Forward,5.5,37.0,3.29,4.67,0.26,0.33,0.13,0.33,0.18,0.33,0.97,0.67,0.25,0.48,0.04,0.03,0.98,1.05,0.28,1.18,19.64,5.24,2024_2025
432,Anthony Elanga,Nott'm Forest,Midfielder,5.5,38.0,4.03,4.67,0.16,0.0,0.29,0.67,0.32,0.0,0.92,1.33,0.13,0.1,0.13,0.31,1.02,1.08,0.44,1.18,12.5,5.09,2024_2025
218,Norberto Bercique Gomes Betuncal,Crystal Palace,Forward,4.8,38.0,2.29,4.0,0.21,0.33,0.0,0.0,0.11,0.67,0.63,0.33,0.21,0.57,0.01,0.06,0.49,0.94,0.27,1.2,17.78,5.11,2024_2025
473,Ross Stewart,Sunderland,Forward,4.4,38.0,0.53,3.67,0.03,0.33,0.0,0.0,0.03,0.0,0.24,0.33,0.03,0.28,0.0,0.01,0.25,0.63,0.04,1.2,110.0,6.98,2024_2025
321,Cody Gakpo,Liverpool,Forward,7.2,38.0,3.34,6.0,0.26,0.33,0.13,0.33,0.13,0.0,0.66,1.0,0.19,0.24,0.1,0.19,0.57,1.41,0.38,1.2,18.95,5.11,2024_2025
350,Joško Gvardiol,Man City,Defender,6.5,38.0,4.03,5.33,0.13,0.0,0.0,0.0,0.34,0.67,1.08,0.33,0.12,0.08,0.08,0.04,1.16,0.97,0.16,1.22,40.62,6.7,2024_2025
525,Mohammed Kudus,West Ham,Midfielder,6.2,38.0,2.79,5.0,0.13,0.33,0.11,0.33,0.18,0.33,1.21,0.67,0.18,0.12,0.07,0.04,1.14,0.98,0.22,1.24,28.18,6.33,2024_2025
770,Marshall Munetsi,Wolves,Midfielder,5.0,38.0,3.57,4.0,0.14,0.33,0.14,0.0,0.36,0.0,0.79,1.33,0.24,0.11,0.08,0.03,1.04,1.14,0.27,1.25,18.52,4.39,2024_2025
88,Nathan Collins,Bournemouth,Defender,4.6,38.0,3.34,3.67,0.05,0.0,0.18,0.0,0.21,0.33,1.5,1.33,0.06,0.0,0.04,0.0,1.48,1.01,0.06,1.25,76.67,4.55,2024_2025
409,Tino Livramento,Newcastle,Defender,4.6,38.0,2.76,3.67,0.0,0.0,0.03,0.0,0.26,0.33,1.05,0.67,0.01,0.02,0.07,0.21,1.0,0.77,0.22,1.25,20.91,5.97,2024_2025
306,Jamie Vardy,Leeds,Forward,5.4,37.0,3.37,4.33,0.24,0.33,0.13,0.33,0.11,0.33,1.79,0.67,0.3,0.15,0.07,0.01,1.66,0.88,0.31,1.25,17.42,6.14,2024_2025
47,Emiliano Martínez Romero,Aston Villa,Goalkeeper,5.0,38.0,2.92,4.0,0.0,0.0,0.0,0.0,0.21,0.67,1.24,0.67,0.0,0.0,0.0,0.0,1.18,0.81,0.0,1.25,inf,6.17,2024_2025
513,Alphonse Areola,West Ham,Goalkeeper,4.2,37.0,1.82,3.33,0.0,0.0,0.0,0.0,0.11,0.33,1.08,0.67,0.0,0.0,0.0,0.0,0.99,1.41,0.0,1.26,inf,2.98,2024_2025
291,Wout Faes,Leeds,Defender,3.8,38.0,1.45,3.0,0.03,0.0,0.0,0.0,0.08,0.33,1.66,1.33,0.04,0.06,0.01,0.0,1.54,1.5,0.04,1.27,95.0,2.53,2024_2025
714,Diego Gómez,Brentford,Midfielder,5.5,38.0,1.67,4.33,0.06,0.33,0.06,0.33,0.0,0.0,0.72,0.0,0.05,0.03,0.06,0.13,0.52,0.26,0.18,1.27,30.56,21.15,2024_2025
299,Kasey McAteer,Leeds,Midfielder,4.7,38.0,0.92,3.67,0.03,0.33,0.03,0.0,0.08,0.33,0.42,1.0,0.03,0.11,0.02,0.08,0.53,1.42,0.11,1.28,42.73,3.31,2024_2025
730,Romain Esse,Chelsea,Midfielder,4.7,38.0,1.38,3.67,0.06,0.0,0.12,0.67,0.0,0.0,0.19,1.0,0.02,0.0,0.02,0.1,0.13,0.57,0.12000000000000001,1.28,39.17,8.25,2024_2025
336,Dominik Szoboszlai,Liverpool,Midfielder,6.1,38.0,3.76,4.67,0.16,0.33,0.26,0.33,0.32,0.0,0.76,1.33,0.18,0.07,0.16,0.25,0.7,1.52,0.43,1.31,14.19,4.01,2024_2025
210,Tyrick Mitchell,Chelsea,Defender,4.8,38.0,3.24,3.67,0.0,0.0,0.16,0.33,0.32,0.33,1.21,0.33,0.03,0.03,0.1,0.02,1.22,0.9,0.05,1.31,96.0,5.33,2024_2025
99,Bryan Mbeumo,Bournemouth,Midfielder,8.3,38.0,6.21,6.33,0.53,0.67,0.24,0.33,0.24,0.33,1.45,1.33,0.33,0.48,0.24,0.14,1.46,1.01,0.47000000000000003,1.31,17.66,8.22,2024_2025
304,Jakub Stolarczyk,Leeds,Goalkeeper,4.0,38.0,0.66,3.0,0.0,0.0,0.0,0.0,0.05,0.33,0.42,1.33,0.0,0.0,0.0,0.0,0.39,1.5,0.0,1.33,inf,2.67,2024_2025
54,Morgan Rogers,Aston Villa,Midfielder,5.8,38.0,4.24,4.33,0.21,0.0,0.29,0.67,0.26,0.67,1.05,0.33,0.17,0.12,0.14,0.12,1.15,0.92,0.29000000000000004,1.34,20.0,6.3,2024_2025
356,Matheus Luiz Nunes,Man City,Midfielder,4.9,38.0,2.13,3.67,0.03,0.0,0.18,0.67,0.24,0.33,0.5,0.33,0.03,0.07,0.09,0.08,0.65,0.93,0.11,1.34,44.55,5.27,2024_2025
766,Patrick Dorgu,Man Utd,Defender,4.5,38.0,1.29,3.33,0.0,0.0,0.0,0.0,0.14,0.33,0.86,0.33,0.03,0.02,0.09,0.07,0.73,0.5,0.1,1.35,45.0,9.0,2024_2025
144,Jan Paul van Hecke,Brentford,Defender,4.5,38.0,2.29,3.33,0.03,0.0,0.03,0.0,0.18,0.33,1.24,1.0,0.03,0.03,0.04,0.02,1.18,1.7,0.05,1.35,90.0,2.65,2024_2025
623,Mateus Gonçalo Espanha Fernandes,Sunderland,Midfielder,5.0,38.0,2.57,3.67,0.05,0.0,0.11,0.33,0.14,0.33,1.78,1.33,0.11,0.08,0.1,0.21,1.91,2.25,0.32,1.36,15.62,2.22,2024_2025
13,Martin Ødegaard,Arsenal,Midfielder,8.2,38.0,3.05,6.0,0.08,0.33,0.24,0.67,0.29,0.33,0.55,0.67,0.13,0.08,0.18,0.08,0.58,1.4,0.21000000000000002,1.37,39.05,5.86,2024_2025
230,Dwight McNeil,Crystal Palace,Midfielder,5.1,38.0,2.45,3.67,0.11,0.0,0.21,0.67,0.13,0.33,0.63,0.0,0.03,0.0,0.12,0.15,0.56,0.3,0.18,1.39,28.33,17.0,2024_2025
531,James Ward-Prowse,West Ham,Midfielder,6.1,38.0,1.34,4.33,0.03,0.33,0.05,0.0,0.13,0.33,0.47,0.67,0.04,0.3,0.07,0.17,0.51,1.39,0.21000000000000002,1.41,29.05,4.39,2024_2025
573,Nikola Milenković,Nott'm Forest,Defender,5.2,38.0,3.82,3.67,0.13,0.33,0.05,0.0,0.34,0.0,1.18,1.33,0.11,0.14,0.02,0.02,1.29,1.09,0.13,1.42,40.0,4.77,2024_2025
23,Leandro Trossard,Arsenal,Midfielder,6.7,38.0,4.0,4.67,0.21,0.0,0.21,0.67,0.29,0.33,0.71,0.67,0.18,0.15,0.11,0.15,0.65,1.28,0.32999999999999996,1.43,20.3,5.23,2024_2025
376,Victor Lindelöf,Man Utd,Defender,4.3,38.0,0.71,3.0,0.0,0.0,0.0,0.0,0.05,0.33,0.24,0.67,0.0,0.0,0.0,0.01,0.23,0.62,0.01,1.43,430.0,6.94,2024_2025
16,Declan Rice,Arsenal,Midfielder,6.3,38.0,3.34,4.33,0.11,0.33,0.18,0.0,0.29,0.33,0.76,0.33,0.09,0.08,0.15,0.03,0.71,0.83,0.12,1.45,52.5,7.59,2024_2025
393,Sven Botman,Newcastle,Defender,4.4,38.0,0.47,3.0,0.0,0.0,0.0,0.0,0.05,0.33,0.11,0.33,0.02,0.19,0.01,0.07,0.13,0.5,0.09000000000000001,1.47,48.89,8.8,2024_2025
8,Jakub Kiwior,Arsenal,Defender,4.9,38.0,1.13,3.33,0.03,0.0,0.0,0.0,0.08,0.33,0.39,1.0,0.0,0.0,0.01,0.02,0.39,1.68,0.02,1.47,245.0,2.92,2024_2025
194,Chris Richards,Chelsea,Defender,4.4,38.0,1.79,3.0,0.03,0.0,0.03,0.0,0.18,0.33,0.82,1.0,0.04,0.01,0.02,0.0,0.78,1.46,0.04,1.47,110.0,3.01,2024_2025
248,Bernd Leno,Everton,Goalkeeper,5.0,38.0,3.03,3.33,0.0,0.0,0.05,0.0,0.13,0.0,1.42,2.33,0.0,0.0,0.0,0.0,1.26,2.28,0.0,1.5,inf,2.19,2024_2025
629,Matt O'Riley,Brentford,Midfielder,5.5,38.0,1.39,3.67,0.06,0.33,0.08,0.33,0.06,0.0,0.56,0.0,0.08,0.29,0.06,0.15,0.4,0.35,0.22999999999999998,1.5,23.91,15.71,2024_2025
720,Emmanuel Agbadou,Wolves,Defender,4.0,38.0,2.5,2.67,0.06,0.33,0.0,0.0,0.22,0.0,1.22,2.33,0.05,0.2,0.02,0.01,1.28,1.56,0.060000000000000005,1.5,66.67,2.56,2024_2025
658,Ayden Heaven,Man Utd,Defender,4.0,38.0,0.29,2.67,0.0,0.0,0.0,0.0,0.03,0.33,0.03,0.0,0.0,0.04,0.0,0.0,0.05,0.02,0.0,1.5,inf,200.0,2024_2025
757,Michael Kayode,Bournemouth,Defender,4.5,38.0,1.8,3.0,0.0,0.0,0.07,0.0,0.13,0.33,0.33,0.67,0.01,0.04,0.05,0.08,0.44,0.92,0.09,1.5,50.0,4.89,2024_2025
718,Welington Damascena Santos,Sunderland,Defender,4.0,38.0,0.78,2.67,0.0,0.0,0.0,0.0,0.06,0.33,0.56,1.33,0.0,0.0,0.01,0.01,0.65,2.21,0.01,1.5,400.0,1.81,2024_2025
650,Maxence Lacroix,Chelsea,Defender,4.5,38.0,3.26,3.0,0.03,0.0,0.06,0.0,0.31,0.33,1.29,1.0,0.1,0.1,0.03,0.06,1.27,1.46,0.16,1.5,28.12,3.08,2024_2025
15,David Raya Martin,Arsenal,Goalkeeper,5.6,38.0,3.74,3.67,0.0,0.0,0.0,0.0,0.34,0.33,0.89,1.0,0.0,0.0,0.0,0.0,0.92,1.68,0.0,1.53,inf,3.33,2024_2025
152,Kepa Arrizabalaga,Burnley,Goalkeeper,4.6,38.0,2.79,3.0,0.0,0.0,0.0,0.0,0.21,0.33,1.03,1.33,0.0,0.0,0.0,0.0,1.02,0.95,0.0,1.53,inf,4.84,2024_2025
201,Dean Henderson,Chelsea,Goalkeeper,4.6,38.0,3.55,3.0,0.0,0.0,0.0,0.0,0.29,0.33,1.34,1.0,0.0,0.0,0.0,0.0,1.32,1.46,0.0,1.53,inf,3.15,2024_2025
338,Sepp van den Berg,Bournemouth,Defender,4.1,38.0,1.63,2.67,0.0,0.0,0.03,0.0,0.13,0.33,1.29,1.33,0.05,0.08,0.01,0.0,1.17,1.01,0.05,1.54,82.0,4.06,2024_2025
24,Benjamin White,Arsenal,Defender,6.2,38.0,1.32,4.0,0.0,0.0,0.05,0.33,0.13,0.33,0.34,1.0,0.01,0.02,0.03,0.25,0.44,1.56,0.26,1.55,23.85,3.97,2024_2025
259,Harry Wilson,Everton,Midfielder,5.2,38.0,2.05,3.33,0.16,0.33,0.05,0.0,0.05,0.0,0.55,1.33,0.11,0.14,0.03,0.02,0.43,1.1,0.13,1.56,40.0,4.73,2024_2025
591,Jean-Clair Todibo,West Ham,Defender,4.2,38.0,1.42,2.67,0.0,0.0,0.0,0.0,0.13,0.33,0.87,1.0,0.01,0.07,0.0,0.0,0.79,1.5,0.01,1.57,420.0,2.8,2024_2025
149,Mats Wieffer,Brentford,Midfielder,4.7,38.0,1.37,3.0,0.03,0.0,0.13,0.33,0.05,0.33,0.58,1.0,0.02,0.01,0.03,0.07,0.5,1.7,0.09000000000000001,1.57,52.22,2.76,2024_2025
52,Pau Torres,Aston Villa,Defender,4.2,37.0,1.45,2.67,0.0,0.0,0.0,0.0,0.13,0.33,0.87,0.67,0.01,0.0,0.01,0.02,0.78,1.36,0.03,1.57,140.0,3.09,2024_2025
243,Tom Cairney,Everton,Midfielder,4.8,38.0,0.87,3.0,0.05,0.33,0.0,0.0,0.03,0.0,0.32,0.67,0.02,0.18,0.03,0.02,0.25,1.05,0.04,1.6,120.0,4.57,2024_2025
233,Amadou Onana,Aston Villa,Midfielder,4.8,38.0,1.71,3.0,0.08,0.0,0.0,0.0,0.16,1.0,0.61,0.0,0.06,0.0,0.02,0.07,0.62,0.92,0.13,1.6,36.92,5.22,2024_2025
524,Max Kilman,West Ham,Defender,4.3,38.0,2.16,2.67,0.0,0.0,0.03,0.0,0.16,0.33,1.63,1.0,0.04,0.03,0.03,0.01,1.57,1.68,0.05,1.61,86.0,2.56,2024_2025
9,Gabriel Martinelli Silva,Arsenal,Midfielder,6.5,38.0,3.29,4.0,0.21,0.33,0.11,0.0,0.26,0.33,0.66,1.0,0.19,0.42,0.12,0.1,0.69,1.68,0.29000000000000004,1.62,22.41,3.87,2024_2025
262,Nathan Broadhead,Fulham,Midfielder,4.9,38.0,0.97,3.0,0.05,0.33,0.0,0.0,0.05,0.0,0.32,0.67,0.05,0.07,0.03,0.01,0.31,0.34,0.060000000000000005,1.63,81.67,14.41,2024_2025
377,Harry Maguire,Man Utd,Defender,4.9,38.0,1.26,3.0,0.03,0.0,0.0,0.0,0.08,0.33,0.71,0.67,0.05,0.12,0.01,0.01,0.71,0.62,0.060000000000000005,1.63,81.67,7.9,2024_2025
81,Adam Smith,Burnley,Defender,4.4,38.0,1.5,2.67,0.0,0.0,0.0,0.0,0.16,0.33,0.47,0.67,0.02,0.0,0.02,0.11,0.5,0.47,0.13,1.65,33.85,9.36,2024_2025
560,Pedro Lomba Neto,Brighton,Midfielder,6.1,38.0,2.74,3.67,0.11,0.0,0.16,0.33,0.21,0.67,0.66,0.67,0.09,0.18,0.12,0.04,0.74,0.87,0.13,1.66,46.92,7.01,2024_2025
517,Aaron Cresswell,West Ham,Defender,3.9,38.0,0.95,2.33,0.0,0.0,0.0,0.0,0.08,0.33,0.21,0.33,0.01,0.04,0.05,0.19,0.34,1.24,0.2,1.67,19.5,3.15,2024_2025
461,Taylor Harwood-Bellis,Sunderland,Defender,3.9,37.0,1.45,2.33,0.03,0.0,0.0,0.0,0.08,0.33,1.71,0.67,0.05,0.0,0.02,0.01,1.8,1.52,0.060000000000000005,1.67,65.0,2.57,2024_2025
457,James Bree,Sunderland,Defender,3.9,37.0,0.61,2.33,0.0,0.0,0.03,0.0,0.03,0.33,0.82,0.67,0.0,0.0,0.02,0.01,0.84,1.52,0.01,1.67,390.0,2.57,2024_2025
619,Jens Cajuste,Fulham,Midfielder,4.5,38.0,1.7,2.67,0.03,0.0,0.03,0.33,0.03,0.0,1.24,1.33,0.02,0.06,0.02,0.04,1.19,0.77,0.06,1.69,75.0,5.84,2024_2025
117,Facundo Buonanotte,Leeds,Midfielder,4.5,38.0,1.97,2.67,0.13,0.33,0.05,0.0,0.05,0.0,0.87,0.67,0.11,0.04,0.06,0.0,0.77,0.18,0.11,1.69,40.91,25.0,2024_2025
45,Ian Maatsen,Aston Villa,Defender,4.5,38.0,1.5,2.67,0.03,0.0,0.05,0.0,0.08,0.33,0.42,0.67,0.02,0.03,0.06,0.05,0.46,1.31,0.07,1.69,64.29,3.44,2024_2025
394,Bruno Guimarães Rodriguez Moura,Newcastle,Midfielder,6.2,38.0,3.55,3.67,0.13,0.33,0.16,0.0,0.34,0.33,1.16,0.67,0.11,0.15,0.14,0.09,1.14,0.77,0.2,1.69,31.0,8.05,2024_2025
69,Daniel Jebbison,Burnley,Forward,4.5,38.0,0.53,2.67,0.03,0.33,0.0,0.0,0.0,0.0,0.05,0.33,0.03,0.28,0.0,0.0,0.05,0.03,0.03,1.69,150.0,150.0,2024_2025
217,Abdoulaye Doucouré,Crystal Palace,Midfielder,5.1,38.0,2.47,3.0,0.08,0.0,0.05,0.33,0.29,0.33,0.87,0.33,0.11,0.09,0.04,0.06,0.9,0.46,0.16999999999999998,1.7,30.0,11.09,2024_2025
110,Yoane Wissa,Bournemouth,Forward,6.9,38.0,4.87,4.0,0.47,0.33,0.16,0.33,0.24,0.33,1.18,1.33,0.49,0.69,0.06,0.09,1.19,0.96,0.58,1.72,11.9,7.19,2024_2025
472,Jack Stephens,Sunderland,Defender,4.0,37.0,0.82,2.33,0.03,0.0,0.0,0.0,0.05,0.33,0.82,0.67,0.02,0.0,0.01,0.0,0.84,1.52,0.02,1.72,200.0,2.63,2024_2025
455,Jan Bednarek,Sunderland,Defender,4.0,36.0,1.58,2.33,0.05,0.0,0.0,0.0,0.08,0.33,1.5,0.0,0.02,0.0,0.02,0.0,1.52,0.61,0.02,1.72,200.0,6.56,2024_2025
136,Mitoma Kaoru,Brentford,Midfielder,6.3,38.0,3.82,3.67,0.26,0.33,0.13,0.33,0.16,0.0,1.05,0.0,0.24,0.13,0.11,0.1,0.98,0.31,0.33999999999999997,1.72,18.53,20.32,2024_2025
160,Ben Chilwell,Chelsea,Defender,4.6,37.0,0.34,2.67,0.03,0.33,0.0,0.0,0.0,0.0,0.11,0.67,0.01,0.06,0.02,0.2,0.07,0.56,0.21000000000000002,1.72,21.9,8.21,2024_2025
58,Ollie Watkins,Aston Villa,Forward,9.2,38.0,4.89,5.33,0.42,0.33,0.21,0.33,0.26,0.67,1.05,0.67,0.4,0.19,0.05,0.14,1.02,1.39,0.54,1.73,17.04,6.62,2024_2025
402,Jacob Murphy,Newcastle,Midfielder,5.2,38.0,4.18,3.0,0.21,0.0,0.34,0.33,0.29,0.33,0.82,0.67,0.16,0.01,0.16,0.29,0.74,0.61,0.44999999999999996,1.73,11.56,8.52,2024_2025
516,Vladimír Coufal,West Ham,Defender,4.1,38.0,0.71,2.33,0.0,0.0,0.0,0.0,0.05,0.33,0.55,0.67,0.01,0.03,0.02,0.02,0.52,1.35,0.03,1.76,136.67,3.04,2024_2025
70,Milos Kerkez,Burnley,Defender,5.3,38.0,3.53,3.0,0.05,0.0,0.16,0.0,0.24,0.33,1.18,1.0,0.02,0.03,0.07,0.06,1.28,0.92,0.08,1.77,66.25,5.76,2024_2025
635,Bilal El Khannouss,Leeds,Midfielder,4.8,37.0,2.31,2.67,0.06,0.0,0.11,0.33,0.08,0.33,1.5,0.67,0.04,0.04,0.08,0.07,1.34,0.9,0.11000000000000001,1.8,43.64,5.33,2024_2025
447,Chris Wood,Nott'm Forest,Forward,7.2,38.0,5.26,4.0,0.53,0.33,0.08,0.0,0.39,0.0,0.97,1.33,0.35,0.63,0.04,0.04,1.07,1.09,0.38999999999999996,1.8,18.46,6.61,2024_2025
310,Alisson Ramses Becker,Liverpool,Goalkeeper,5.5,38.0,2.95,3.0,0.0,0.0,0.0,0.0,0.26,0.0,0.76,2.0,0.0,0.0,0.01,0.0,0.71,2.09,0.0,1.83,inf,2.63,2024_2025
122,Pervis Estupiñán,Brentford,Defender,4.9,37.0,1.66,2.67,0.03,0.0,0.03,0.0,0.08,0.33,1.16,0.67,0.03,0.04,0.06,0.07,1.05,1.05,0.1,1.84,49.0,4.67,2024_2025
300,Wilfred Ndidi,Leeds,Midfielder,4.9,37.0,1.68,2.67,0.0,0.0,0.13,0.33,0.08,0.33,1.26,0.67,0.06,0.0,0.04,0.01,1.3,0.88,0.06999999999999999,1.84,70.0,5.57,2024_2025
219,Jarrad Branthwaite,Crystal Palace,Defender,4.9,37.0,2.32,2.67,0.0,0.0,0.03,0.0,0.24,0.33,0.74,0.33,0.03,0.04,0.02,0.01,0.78,0.38,0.04,1.84,122.5,12.89,2024_2025
367,Altay Bayindir,Man Utd,Goalkeeper,4.3,38.0,0.21,2.33,0.0,0.0,0.0,0.0,0.03,0.33,0.26,0.67,0.0,0.0,0.0,0.0,0.18,0.65,0.0,1.85,inf,6.62,2024_2025
36,Lucas Digne,Aston Villa,Defender,4.4,36.0,2.34,2.33,0.0,0.0,0.13,0.0,0.16,0.33,0.95,0.0,0.02,0.0,0.1,0.04,0.92,0.27,0.06,1.89,73.33,16.3,2024_2025
437,Neco Williams,Nott'm Forest,Defender,4.5,38.0,2.87,2.33,0.03,0.0,0.08,0.0,0.26,0.0,0.82,1.33,0.06,0.0,0.04,0.06,1.01,1.09,0.12,1.93,37.5,4.13,2024_2025
79,Marcos Senesi,Burnley,Defender,4.6,38.0,0.82,2.33,0.0,0.0,0.0,0.0,0.05,0.33,0.45,0.0,0.02,0.01,0.01,0.01,0.39,0.08,0.03,1.97,153.33,57.5,2024_2025
765,Nico González,Man City,Midfielder,6.0,38.0,2.21,3.0,0.07,0.33,0.07,0.0,0.43,0.33,0.5,0.33,0.03,0.06,0.03,0.01,0.64,0.68,0.04,2.0,150.0,8.82,2024_2025
755,Omar Marmoush,Man City,Forward,7.4,38.0,4.56,3.67,0.44,0.33,0.06,0.0,0.5,0.67,0.75,0.0,0.34,0.2,0.11,0.09,0.9,0.69,0.43000000000000005,2.02,17.21,10.72,2024_2025
168,Enzo Fernández,Brighton,Midfielder,4.7,38.0,3.55,2.33,0.16,0.0,0.21,0.0,0.26,0.67,0.97,0.67,0.16,0.01,0.16,0.04,1.0,1.07,0.2,2.02,23.5,4.39,2024_2025
200,Marc Guéhi,Chelsea,Defender,4.7,36.0,3.05,2.33,0.08,0.0,0.05,0.0,0.29,0.33,1.11,0.0,0.05,0.0,0.05,0.05,1.09,0.23,0.1,2.02,47.0,20.43,2024_2025
327,Luis Díaz,Liverpool,Midfielder,7.5,38.0,4.82,3.67,0.34,0.33,0.18,0.0,0.39,0.0,0.55,1.67,0.31,0.68,0.11,0.04,0.64,1.61,0.35,2.04,21.43,4.66,2024_2025
135,Yankuba Minteh,Brentford,Midfielder,4.8,38.0,2.68,2.33,0.16,0.0,0.13,0.0,0.11,0.33,0.87,1.0,0.11,0.05,0.13,0.14,0.75,1.67,0.25,2.06,19.2,2.87,2024_2025
415,Fabian Schär,Newcastle,Defender,5.5,38.0,3.11,2.67,0.11,0.0,0.05,0.0,0.29,0.33,1.11,0.67,0.1,0.44,0.03,0.02,0.98,0.77,0.12000000000000001,2.06,45.83,7.14,2024_2025
588,Guido Rodríguez,West Ham,Midfielder,4.8,38.0,0.95,2.33,0.0,0.0,0.03,0.33,0.11,0.33,0.5,0.33,0.01,0.0,0.0,0.02,0.54,0.77,0.03,2.06,160.0,6.23,2024_2025
222,Idrissa Gueye,Crystal Palace,Midfielder,4.8,38.0,2.34,2.33,0.0,0.0,0.08,0.0,0.32,0.67,1.03,0.33,0.03,0.0,0.05,0.02,1.05,1.05,0.05,2.06,96.0,4.57,2024_2025
20,Thomas Partey,Arsenal,Midfielder,4.9,38.0,2.84,2.33,0.11,0.0,0.08,0.0,0.24,0.33,0.79,1.0,0.06,0.09,0.07,0.1,0.81,1.68,0.16,2.1,30.62,2.92,2024_2025
157,Moisés Caicedo Corozo,Brighton,Midfielder,4.9,38.0,2.58,2.33,0.03,0.0,0.11,0.0,0.32,0.67,1.11,0.67,0.02,0.02,0.07,0.04,1.2,1.07,0.06,2.1,81.67,4.58,2024_2025
535,Jean-Ricner Bellegarde,Wolves,Midfielder,4.9,38.0,2.37,2.33,0.05,0.0,0.18,0.33,0.16,0.0,0.82,1.67,0.04,0.07,0.07,0.05,0.7,0.83,0.09,2.1,54.44,5.9,2024_2025
60,Tyler Adams,Burnley,Midfielder,4.9,38.0,1.53,2.33,0.0,0.0,0.08,0.0,0.16,0.33,0.79,1.33,0.04,0.02,0.02,0.04,0.77,0.95,0.08,2.1,61.25,5.16,2024_2025
203,Will Hughes,Chelsea,Midfielder,4.9,38.0,1.76,2.33,0.0,0.0,0.11,0.0,0.26,0.67,0.82,0.33,0.03,0.02,0.07,0.1,0.83,1.07,0.13,2.1,37.69,4.58,2024_2025
89,Mikkel Damsgaard,Bournemouth,Midfielder,4.9,38.0,3.45,2.33,0.05,0.0,0.26,0.0,0.29,0.33,1.08,1.33,0.08,0.07,0.18,0.15,1.2,0.78,0.22999999999999998,2.1,21.3,6.28,2024_2025
111,Yehor Yarmoliuk,Bournemouth,Midfielder,4.3,38.0,1.13,2.0,0.0,0.0,0.0,0.0,0.08,0.33,0.66,1.33,0.02,0.0,0.02,0.06,0.7,0.99,0.08,2.15,53.75,4.34,2024_2025
442,Ibrahim Sangaré,Nott'm Forest,Midfielder,4.3,38.0,0.53,2.0,0.0,0.0,0.03,0.0,0.05,0.33,0.16,1.0,0.0,0.0,0.01,0.04,0.22,0.95,0.04,2.15,107.5,4.53,2024_2025
115,Carlos Baleba,Brentford,Midfielder,5.0,38.0,2.29,2.33,0.08,0.0,0.03,0.0,0.21,0.33,1.05,1.0,0.08,0.02,0.03,0.02,1.04,1.67,0.1,2.15,50.0,2.99,2024_2025
19,Emile Smith Rowe,Everton,Midfielder,5.0,38.0,3.0,2.33,0.16,0.0,0.08,0.33,0.18,0.0,0.74,1.33,0.12,0.03,0.05,0.1,0.67,1.42,0.22,2.15,22.73,3.52,2024_2025
355,Rico Lewis,Man City,Defender,4.3,36.0,1.74,2.0,0.03,0.0,0.05,0.0,0.13,0.33,0.71,0.0,0.03,0.0,0.03,0.02,0.73,0.03,0.05,2.15,86.0,143.33,2024_2025
768,Mathys Tel,Spurs,Midfielder,5.8,38.0,3.0,2.67,0.14,0.0,0.14,0.33,0.14,0.0,1.43,2.0,0.21,0.23,0.11,0.14,1.24,2.08,0.35,2.17,16.57,2.79,2024_2025
113,Simon Adingra,Brentford,Midfielder,5.1,38.0,1.58,2.33,0.05,0.0,0.08,0.33,0.05,0.0,0.61,1.0,0.06,0.11,0.07,0.14,0.5,1.13,0.2,2.19,25.5,4.51,2024_2025
192,Jordan Ayew,Leeds,Midfielder,5.1,38.0,1.97,2.33,0.13,0.0,0.0,0.0,0.11,0.33,1.11,1.33,0.1,0.07,0.04,0.03,0.8,1.33,0.13,2.19,39.23,3.83,2024_2025
285,Boubakary Soumaré,Leeds,Midfielder,4.4,38.0,1.26,2.0,0.0,0.0,0.0,0.0,0.03,0.33,1.37,0.67,0.01,0.0,0.02,0.03,1.22,1.09,0.04,2.2,110.0,4.04,2024_2025
49,Tyrone Mings,Aston Villa,Defender,4.4,36.0,1.24,2.0,0.0,0.0,0.03,0.0,0.11,0.33,0.29,0.0,0.02,0.0,0.01,0.01,0.35,0.03,0.03,2.2,146.67,146.67,2024_2025
48,John McGinn,Aston Villa,Midfielder,5.2,38.0,2.05,2.33,0.03,0.0,0.11,0.0,0.21,0.67,0.89,0.0,0.08,0.06,0.07,0.06,0.92,0.89,0.14,2.23,37.14,5.84,2024_2025
370,Christian Eriksen,Man Utd,Midfielder,5.2,38.0,1.18,2.33,0.03,0.33,0.05,0.0,0.11,0.0,0.42,0.0,0.03,0.31,0.07,0.12,0.49,0.21,0.15,2.23,34.67,24.76,2024_2025
443,Matz Sels,Nott'm Forest,Goalkeeper,5.2,38.0,3.95,2.33,0.0,0.0,0.03,0.0,0.34,0.0,1.21,1.33,0.0,0.0,0.01,0.06,1.32,1.09,0.06,2.23,86.67,4.77,2024_2025
645,Justin Devenny,Chelsea,Midfielder,4.5,38.0,0.94,2.0,0.03,0.0,0.03,0.33,0.0,0.0,0.22,0.67,0.02,0.04,0.01,0.01,0.26,0.72,0.03,2.25,150.0,6.25,2024_2025
83,Marcus Tavernier,Burnley,Midfielder,5.4,38.0,2.29,2.33,0.08,0.0,0.18,0.0,0.11,0.33,0.76,1.33,0.14,0.07,0.1,0.29,0.67,0.95,0.43,2.32,12.56,5.68,2024_2025
313,Conor Bradley,Liverpool,Defender,4.7,38.0,1.08,2.0,0.0,0.0,0.05,0.33,0.08,0.0,0.26,1.33,0.02,0.04,0.04,0.28,0.33,1.33,0.30000000000000004,2.35,15.67,3.53,2024_2025
278,Sam Morsy,Fulham,Midfielder,4.8,38.0,1.76,2.0,0.03,0.0,0.03,0.0,0.05,0.0,1.76,2.0,0.01,0.04,0.04,0.13,1.53,1.06,0.14,2.4,34.29,4.53,2024_2025
431,Nicolás Domínguez,Nott'm Forest,Midfielder,4.8,38.0,1.42,2.0,0.0,0.0,0.03,0.0,0.18,0.0,0.71,1.0,0.04,0.06,0.04,0.03,0.84,0.93,0.07,2.4,68.57,5.16,2024_2025
206,Jefferson Lerma Solís,Chelsea,Midfielder,4.8,38.0,1.53,2.0,0.0,0.0,0.03,0.0,0.16,0.33,0.95,1.0,0.03,0.02,0.05,0.05,0.88,1.4,0.08,2.4,60.0,3.43,2024_2025
223,James Garner,Crystal Palace,Midfielder,4.9,38.0,1.11,2.0,0.0,0.0,0.03,0.0,0.13,0.67,0.5,0.33,0.02,0.13,0.04,0.04,0.52,1.09,0.06,2.45,81.67,4.5,2024_2025
716,Antonín Kinsky,Spurs,Goalkeeper,4.1,37.0,0.94,1.67,0.0,0.0,0.0,0.0,0.06,0.0,0.61,1.33,0.0,0.0,0.0,0.0,0.66,1.59,0.0,2.46,inf,2.58,2024_2025
462,Kamaldeen Sulemana,Sunderland,Midfielder,5.0,38.0,1.39,2.0,0.03,0.0,0.05,0.0,0.08,0.33,0.95,1.0,0.04,0.04,0.02,0.01,0.94,2.1,0.05,2.5,100.0,2.38,2024_2025
98,Keane Lewis-Potter,Bournemouth,Midfielder,5.0,38.0,2.47,2.0,0.03,0.0,0.13,0.0,0.21,0.33,1.29,1.33,0.08,0.17,0.13,0.1,1.33,0.99,0.18,2.5,27.78,5.05,2024_2025
366,Bruno Borges Fernandes,Man Utd,Midfielder,8.4,38.0,4.58,3.33,0.21,0.0,0.32,0.33,0.26,0.33,1.24,1.0,0.26,0.14,0.21,0.33,1.21,0.93,0.5900000000000001,2.52,14.24,9.03,2024_2025
392,Harvey Barnes,Newcastle,Midfielder,5.9,38.0,3.42,2.33,0.24,0.0,0.13,0.0,0.16,0.33,0.61,0.67,0.17,0.22,0.12,0.06,0.64,0.65,0.23,2.53,25.65,9.08,2024_2025
608,Tyler Dibling,Sunderland,Midfielder,4.3,37.0,1.79,1.67,0.05,0.0,0.05,0.0,0.08,0.33,1.32,0.67,0.07,0.0,0.04,0.01,1.29,1.28,0.08,2.57,53.75,3.36,2024_2025
177,Noni Madueke,Brighton,Midfielder,6.0,38.0,3.16,2.33,0.18,0.0,0.13,0.0,0.16,0.67,0.74,0.33,0.25,0.18,0.08,0.08,0.78,0.84,0.33,2.58,18.18,7.14,2024_2025
274,Omari Giraud-Hutchinson,Fulham,Midfielder,5.2,38.0,2.32,2.0,0.08,0.0,0.08,0.0,0.08,0.0,1.61,2.0,0.08,0.18,0.06,0.23,1.34,1.07,0.31,2.6,16.77,4.86,2024_2025
224,Jack Harrison,Crystal Palace,Midfielder,5.2,38.0,2.13,2.0,0.03,0.0,0.08,0.0,0.18,0.33,0.71,0.33,0.09,0.07,0.08,0.01,0.82,0.93,0.09999999999999999,2.6,52.0,5.59,2024_2025
554,José Malheiro de Sá,Wolves,Goalkeeper,4.4,38.0,2.45,1.67,0.0,0.0,0.0,0.0,0.18,0.0,1.26,1.0,0.0,0.0,0.0,0.0,1.11,0.95,0.0,2.63,inf,4.63,2024_2025
580,Dean Huijsen,Burnley,Defender,4.5,38.0,2.74,1.67,0.08,0.0,0.05,0.33,0.18,0.0,0.82,1.33,0.05,0.0,0.04,0.02,0.99,0.87,0.07,2.69,64.29,5.17,2024_2025
597,Myles Lewis-Skelly,Arsenal,Midfielder,4.5,38.0,0.97,1.67,0.03,0.0,0.0,0.0,0.13,0.33,0.42,0.67,0.0,0.01,0.01,0.02,0.44,1.47,0.02,2.69,225.0,3.06,2024_2025
382,Mason Mount,Man Utd,Midfielder,6.3,38.0,0.66,2.33,0.03,0.0,0.0,0.0,0.08,0.67,0.29,0.67,0.09,0.35,0.02,0.1,0.22,0.63,0.19,2.7,33.16,10.0,2024_2025
82,Dominic Solanke-Mitchell,Spurs,Forward,7.3,38.0,2.84,2.67,0.24,0.33,0.13,0.0,0.11,0.0,1.13,0.67,0.29,0.26,0.03,0.0,1.06,0.47,0.29,2.73,25.17,15.53,2024_2025
489,Archie Gray,Spurs,Midfielder,4.6,38.0,1.18,1.67,0.0,0.0,0.0,0.0,0.05,0.0,1.08,2.67,0.0,0.0,0.0,0.0,0.98,2.35,0.0,2.75,inf,1.96,2024_2025
501,Oliver Skipp,Leeds,Midfielder,4.7,38.0,0.71,1.67,0.0,0.0,0.0,0.0,0.08,0.33,0.68,0.67,0.01,0.07,0.01,0.0,0.69,0.88,0.01,2.81,470.0,5.34,2024_2025
518,Flynn Downes,Sunderland,Midfielder,4.7,38.0,1.26,1.67,0.03,0.0,0.0,0.0,0.11,0.33,1.29,1.33,0.02,0.0,0.04,0.01,1.27,2.25,0.03,2.81,156.67,2.09,2024_2025
630,Dara O'Shea,Fulham,Defender,3.8,38.0,1.36,1.33,0.0,0.0,0.06,0.0,0.06,0.0,2.08,2.0,0.04,0.04,0.02,0.01,1.86,1.07,0.05,2.86,76.0,3.55,2024_2025
270,Jacob Greaves,Fulham,Defender,3.8,38.0,0.97,1.33,0.03,0.0,0.0,0.0,0.05,0.0,1.39,2.0,0.03,0.02,0.01,0.01,1.2,1.07,0.04,2.86,95.0,3.55,2024_2025
335,Andrew Robertson,Liverpool,Defender,5.8,38.0,2.39,2.0,0.0,0.0,0.03,0.33,0.26,0.0,0.84,1.0,0.03,0.06,0.11,0.1,0.71,1.25,0.13,2.9,44.62,4.64,2024_2025
328,Mohamed Salah,Liverpool,Midfielder,13.6,38.0,9.05,4.67,0.76,0.33,0.47,0.0,0.39,0.0,1.05,2.0,0.65,0.42,0.24,0.29,1.0,2.09,0.94,2.91,14.47,6.51,2024_2025
282,Axel Tuanzebe,Fulham,Defender,3.9,38.0,0.71,1.33,0.0,0.0,0.03,0.0,0.03,0.0,1.0,2.0,0.01,0.0,0.01,0.04,0.84,1.07,0.05,2.93,78.0,3.64,2024_2025
62,David Brooks,Burnley,Midfielder,4.9,38.0,1.37,1.67,0.05,0.0,0.03,0.0,0.08,0.33,0.32,0.33,0.07,0.13,0.05,0.12,0.4,0.17,0.19,2.93,25.79,28.82,2024_2025
617,Francisco Evanilson de Lima Barbosa,Burnley,Forward,5.9,38.0,3.46,2.0,0.27,0.0,0.14,0.0,0.3,0.33,0.81,1.0,0.34,0.31,0.05,0.03,0.72,0.92,0.37,2.95,15.95,6.41,2024_2025
642,André Trindade da Costa Neto,Wolves,Midfielder,5.0,38.0,1.69,1.67,0.0,0.0,0.0,0.0,0.19,0.0,1.28,1.67,0.01,0.01,0.01,0.04,1.13,1.37,0.05,2.99,100.0,3.65,2024_2025
633,Mikel Merino,Arsenal,Midfielder,6.0,38.0,2.56,2.0,0.19,0.33,0.06,0.0,0.11,0.0,0.47,1.0,0.16,0.43,0.03,0.01,0.44,0.94,0.17,3.0,35.29,6.38,2024_2025
762,Marco Asensio,Aston Villa,Midfielder,6.0,38.0,3.14,2.0,0.21,0.0,0.14,0.0,0.21,0.67,0.57,0.0,0.32,0.08,0.08,0.07,0.79,0.57,0.39,3.0,15.38,10.53,2024_2025
548,Gonçalo Manuel Ganchinho Guedes,Wolves,Midfielder,5.3,38.0,1.63,1.67,0.05,0.0,0.11,0.0,0.08,0.0,0.66,2.0,0.09,0.34,0.02,0.1,0.5,1.27,0.19,3.17,27.89,4.17,2024_2025
324,Curtis Jones,Liverpool,Midfielder,5.3,38.0,2.29,1.67,0.08,0.0,0.13,0.0,0.16,0.0,0.71,1.33,0.11,0.06,0.04,0.03,0.61,1.47,0.14,3.17,37.86,3.61,2024_2025
612,Wilson Odobert,Spurs,Midfielder,5.3,38.0,0.89,1.67,0.03,0.0,0.0,0.0,0.03,0.0,0.53,2.67,0.04,0.15,0.02,0.02,0.43,2.21,0.06,3.17,88.33,2.4,2024_2025
247,Alex Iwobi,Everton,Midfielder,5.4,38.0,4.11,1.67,0.24,0.0,0.16,0.0,0.16,0.0,1.18,2.0,0.11,0.05,0.18,0.08,1.0,1.52,0.19,3.23,28.42,3.55,2024_2025
354,Mateo Kovačić,Man City,Midfielder,5.4,37.0,2.87,1.67,0.16,0.0,0.08,0.33,0.26,0.33,0.76,0.33,0.05,0.05,0.08,0.06,0.83,0.29,0.11,3.23,49.09,18.62,2024_2025
610,Mikey Moore,Spurs,Midfielder,4.5,37.0,0.5,1.33,0.0,0.0,0.05,0.0,0.0,0.0,0.13,1.33,0.01,0.0,0.01,0.0,0.18,1.51,0.01,3.38,450.0,2.98,2024_2025
174,Roméo Lavia,Brighton,Midfielder,4.5,38.0,0.68,1.33,0.0,0.0,0.03,0.0,0.08,0.0,0.29,0.33,0.01,0.02,0.01,0.01,0.38,0.75,0.02,3.38,225.0,6.0,2024_2025
764,Alex Palmer,Fulham,Goalkeeper,4.5,37.0,1.57,1.33,0.0,0.0,0.0,0.0,0.0,0.0,2.14,1.0,0.0,0.0,0.0,0.0,1.76,0.74,0.0,3.38,inf,6.08,2024_2025
375,Rasmus Højlund,Man Utd,Forward,6.9,38.0,2.05,2.0,0.11,0.0,0.03,0.0,0.16,0.33,0.82,1.0,0.13,0.48,0.03,0.08,0.8,0.81,0.21000000000000002,3.45,32.86,8.52,2024_2025
368,Carlos Henrique Casimiro,Man Utd,Midfielder,4.6,38.0,1.26,1.33,0.03,0.0,0.0,0.0,0.16,0.67,0.53,0.0,0.05,0.06,0.05,0.03,0.63,0.32,0.08,3.46,57.5,14.37,2024_2025
499,Pape Matar Sarr,Spurs,Midfielder,4.7,38.0,1.87,1.33,0.08,0.0,0.05,0.0,0.05,0.0,1.0,0.67,0.1,0.13,0.02,0.0,0.96,1.48,0.1,3.53,47.0,3.18,2024_2025
71,Justin Kluivert,Burnley,Midfielder,5.9,38.0,4.16,1.67,0.32,0.0,0.16,0.0,0.34,0.33,0.76,0.67,0.26,0.1,0.1,0.09,0.86,0.55,0.35,3.53,16.86,10.73,2024_2025
249,Saša Lukić,Everton,Midfielder,4.8,38.0,1.47,1.33,0.0,0.0,0.05,0.0,0.11,0.0,0.97,1.33,0.03,0.0,0.04,0.03,0.87,1.9,0.06,3.61,80.0,2.53,2024_2025
240,Andreas Hoelgebaum Pereira,Everton,Midfielder,4.9,38.0,2.13,1.33,0.05,0.0,0.16,0.0,0.13,0.0,0.84,1.33,0.11,0.23,0.12,0.09,0.72,1.02,0.2,3.68,24.5,4.8,2024_2025
398,Anthony Gordon,Newcastle,Midfielder,7.4,38.0,3.26,2.0,0.16,0.0,0.16,0.0,0.26,0.33,0.87,0.33,0.22,0.01,0.13,0.06,0.86,0.48,0.28,3.7,26.43,15.42,2024_2025
346,Jérémy Doku,Man City,Midfielder,6.2,38.0,2.32,1.67,0.08,0.0,0.16,0.0,0.21,0.33,0.37,0.33,0.03,0.09,0.1,0.12,0.4,0.54,0.15,3.71,41.33,11.48,2024_2025
423,Elliot Anderson,Nott'm Forest,Midfielder,5.0,38.0,2.82,1.33,0.05,0.0,0.16,0.0,0.34,0.33,0.97,1.0,0.05,0.08,0.09,0.1,1.06,0.98,0.15000000000000002,3.76,33.33,5.1,2024_2025
563,Rodrigo Martins Gomes,Wolves,Midfielder,5.1,38.0,1.11,1.33,0.05,0.0,0.0,0.0,0.03,0.0,0.53,1.33,0.02,0.05,0.02,0.02,0.42,0.7,0.04,3.83,127.5,7.29,2024_2025
265,Conor Chaplin,Fulham,Midfielder,5.1,38.0,1.08,1.33,0.03,0.0,0.05,0.0,0.03,0.0,0.5,1.0,0.04,0.11,0.02,0.02,0.47,0.56,0.06,3.83,85.0,9.11,2024_2025
205,Daichi Kamada,Chelsea,Midfielder,5.1,38.0,1.18,1.33,0.0,0.0,0.0,0.0,0.08,0.0,0.71,0.33,0.03,0.0,0.04,0.05,0.68,0.88,0.08,3.83,63.75,5.8,2024_2025
521,Łukasz Fabiański,West Ham,Goalkeeper,3.9,38.0,1.03,1.0,0.0,0.0,0.0,0.0,0.05,0.0,0.55,0.33,0.0,0.0,0.0,0.0,0.6,0.26,0.0,3.9,inf,15.0,2024_2025
378,Kobbie Mainoo,Man Utd,Midfielder,5.2,38.0,1.11,1.33,0.0,0.0,0.0,0.0,0.13,0.0,0.71,0.67,0.02,0.06,0.05,0.17,0.66,0.64,0.19,3.91,27.37,8.12,2024_2025
326,Ibrahima Konaté,Liverpool,Defender,5.3,38.0,2.79,1.33,0.03,0.0,0.05,0.0,0.29,0.0,0.74,2.0,0.05,0.03,0.02,0.02,0.7,1.91,0.07,3.98,75.71,2.77,2024_2025
121,Julio Enciso,Fulham,Midfielder,5.4,37.0,1.55,1.33,0.05,0.0,0.08,0.0,0.05,0.0,0.58,1.0,0.07,0.08,0.03,0.01,0.58,0.72,0.08,4.06,67.5,7.5,2024_2025
631,Jack Clarke,Fulham,Midfielder,5.4,38.0,1.47,1.33,0.0,0.0,0.11,0.0,0.03,0.0,0.86,1.0,0.03,0.07,0.03,0.05,0.76,0.53,0.08,4.06,67.5,10.19,2024_2025
272,George Hirst,Fulham,Forward,5.4,38.0,1.21,1.33,0.08,0.0,0.03,0.0,0.0,0.0,0.42,1.33,0.06,0.19,0.01,0.0,0.41,0.77,0.06,4.06,90.0,7.01,2024_2025
345,Kevin De Bruyne,Man City,Midfielder,9.5,38.0,3.0,2.33,0.11,0.0,0.24,0.0,0.26,0.67,0.5,0.0,0.14,0.43,0.18,0.33,0.56,0.44,0.47000000000000003,4.08,20.21,21.59,2024_2025
594,Noussair Mazraoui,Man Utd,Defender,4.2,38.0,2.32,1.0,0.0,0.0,0.03,0.0,0.18,0.0,1.13,1.0,0.02,0.0,0.05,0.06,1.22,0.79,0.08,4.2,52.5,5.32,2024_2025
579,Ryan Sessegnon,Everton,Defender,4.2,38.0,1.5,1.0,0.11,0.0,0.05,0.0,0.03,0.0,0.26,1.0,0.04,0.01,0.03,0.1,0.22,0.4,0.14,4.2,30.0,10.5,2024_2025
528,Konstantinos Mavropanos,West Ham,Defender,4.3,38.0,1.18,1.0,0.0,0.0,0.0,0.0,0.05,0.0,1.03,0.33,0.04,0.0,0.01,0.0,0.98,0.43,0.04,4.3,107.5,10.0,2024_2025
543,Matt Doherty,Wolves,Defender,4.3,38.0,1.97,1.0,0.05,0.0,0.03,0.0,0.16,0.0,1.0,0.67,0.03,0.0,0.03,0.01,0.86,0.73,0.04,4.3,107.5,5.89,2024_2025
604,Josh King,Everton,Midfielder,4.4,38.0,0.26,1.0,0.0,0.0,0.0,0.0,0.03,0.0,0.0,0.0,0.01,0.03,0.02,0.01,0.02,0.13,0.02,4.4,220.0,33.85,2024_2025
798,Jay Robinson,Sunderland,Forward,4.4,38.0,0.71,1.0,0.0,0.0,0.0,0.0,0.0,0.0,0.29,0.33,0.01,0.02,0.08,0.17,0.45,0.63,0.18000000000000002,4.4,24.44,6.98,2024_2025
351,Erling Haaland,Man City,Forward,14.9,38.0,4.76,3.33,0.58,0.33,0.08,0.0,0.26,1.0,1.0,0.0,0.58,0.37,0.05,0.1,1.09,0.72,0.6799999999999999,4.47,21.91,20.69,2024_2025
696,Tyrique George,Brighton,Midfielder,4.5,37.0,0.74,1.0,0.04,0.0,0.04,0.0,0.04,0.33,0.0,0.0,0.01,0.0,0.01,0.0,0.06,0.1,0.01,4.5,450.0,45.0,2024_2025
792,Jeremy Monga,Leeds,Midfielder,4.5,38.0,0.88,1.0,0.0,0.0,0.0,0.0,0.0,0.0,0.38,0.67,0.02,0.06,0.0,0.01,0.21,0.32,0.03,4.5,150.0,14.06,2024_2025
182,Cole Palmer,Brighton,Midfielder,10.5,38.0,5.63,2.33,0.39,0.0,0.26,0.0,0.26,0.67,1.08,0.67,0.44,0.1,0.25,0.26,1.15,1.07,0.7,4.51,15.0,9.81,2024_2025
386,Jadon Sancho,Brighton,Midfielder,6.2,38.0,2.26,1.33,0.08,0.0,0.13,0.0,0.18,0.33,0.63,0.33,0.06,0.0,0.08,0.02,0.62,0.22,0.08,4.66,77.5,28.18,2024_2025
436,Murillo Santiago Costa dos Santos,Nott'm Forest,Defender,4.7,38.0,3.42,1.0,0.05,0.0,0.0,0.0,0.32,0.0,1.16,0.67,0.04,0.01,0.03,0.01,1.25,0.73,0.05,4.7,94.0,6.44,2024_2025
289,Patson Daka,Leeds,Forward,4.8,38.0,0.89,1.0,0.03,0.0,0.0,0.0,0.03,0.33,0.42,0.0,0.03,0.0,0.0,0.0,0.46,0.47,0.03,4.8,160.0,10.21,2024_2025
281,Jack Taylor,Fulham,Midfielder,4.8,38.0,1.0,1.0,0.03,0.0,0.0,0.0,0.0,0.0,0.55,0.67,0.02,0.01,0.02,0.0,0.43,0.31,0.02,4.8,240.0,15.48,2024_2025
27,Cameron Archer,Sunderland,Forward,4.8,38.0,1.5,1.0,0.05,0.0,0.0,0.0,0.05,0.0,0.89,0.33,0.15,0.21,0.02,0.05,0.98,0.36,0.2,4.8,24.0,13.33,2024_2025
449,Ryan Yates,Nott'm Forest,Midfielder,4.8,38.0,1.76,1.0,0.05,0.0,0.05,0.0,0.16,0.0,0.71,0.33,0.06,0.02,0.01,0.0,0.73,0.16,0.06,4.8,80.0,30.0,2024_2025
25,Oleksandr Zinchenko,Arsenal,Defender,4.8,38.0,1.05,1.0,0.0,0.0,0.03,0.0,0.11,0.0,0.03,0.33,0.02,0.12,0.01,0.08,0.08,0.28,0.1,4.8,48.0,17.14,2024_2025
482,Yves Bissouma,Spurs,Midfielder,4.8,38.0,1.32,1.0,0.05,0.0,0.0,0.0,0.08,0.0,0.74,1.67,0.02,0.0,0.01,0.0,0.69,1.01,0.02,4.8,240.0,4.75,2024_2025
553,João Victor Gomes da Silva,Wolves,Midfielder,4.9,38.0,2.29,1.0,0.08,0.0,0.03,0.0,0.16,0.0,1.55,1.33,0.08,0.06,0.07,0.04,1.3,0.98,0.12,4.9,40.83,5.0,2024_2025
387,Luke Shaw,Man Utd,Defender,4.9,37.0,0.13,1.0,0.0,0.0,0.0,0.0,0.0,0.0,0.13,0.67,0.0,0.0,0.02,0.0,0.1,0.58,0.0,4.9,inf,8.45,2024_2025
171,Malo Gusto,Brighton,Defender,4.9,38.0,1.58,1.0,0.0,0.0,0.03,0.0,0.11,0.0,0.68,0.33,0.04,0.0,0.05,0.03,0.72,0.21,0.07,4.9,70.0,23.33,2024_2025
323,Ryan Gravenberch,Liverpool,Midfielder,5.0,38.0,2.42,1.0,0.0,0.0,0.11,0.0,0.37,0.0,0.92,2.0,0.03,0.04,0.09,0.08,0.87,1.95,0.11,5.0,45.45,2.56,2024_2025
471,Will Smallbone,Sunderland,Midfielder,5.0,38.0,0.68,1.0,0.03,0.0,0.0,0.0,0.0,0.0,0.58,0.33,0.02,0.05,0.02,0.04,0.52,0.12,0.06,5.0,83.33,41.67,2024_2025
511,Edson Álvarez Velázquez,West Ham,Midfielder,5.0,38.0,1.05,1.0,0.0,0.0,0.03,0.0,0.08,0.0,0.82,0.67,0.01,0.03,0.02,0.02,0.79,0.91,0.03,5.0,166.67,5.49,2024_2025
622,Sander Berge,Everton,Midfielder,5.0,38.0,1.43,1.0,0.0,0.0,0.0,0.0,0.11,0.0,0.95,1.67,0.01,0.1,0.02,0.02,0.83,1.21,0.03,5.0,166.67,4.13,2024_2025
565,Pablo Sarabia,Wolves,Midfielder,5.0,37.0,1.32,1.0,0.08,0.0,0.05,0.0,0.03,0.0,0.45,1.33,0.08,0.0,0.05,0.02,0.42,0.6,0.1,5.0,50.0,8.33,2024_2025
589,Niclas Füllkrug,West Ham,Forward,6.7,38.0,1.11,1.33,0.08,0.0,0.05,0.0,0.05,0.0,0.47,0.67,0.06,0.06,0.01,0.02,0.37,0.86,0.08,5.04,83.75,7.79,2024_2025
533,Rayan Aït-Nouri,Wolves,Defender,5.1,38.0,3.29,1.0,0.11,0.0,0.18,0.0,0.18,0.0,1.76,2.33,0.07,0.02,0.1,0.14,1.4,1.49,0.21000000000000002,5.1,24.29,3.42,2024_2025
421,Callum Wilson,Newcastle,Forward,6.9,38.0,0.5,1.33,0.0,0.0,0.0,0.0,0.0,0.0,0.18,0.33,0.01,0.0,0.0,0.01,0.16,0.33,0.02,5.19,345.0,20.91,2024_2025
17,Bukayo Saka,Arsenal,Midfielder,10.4,38.0,3.34,2.0,0.16,0.0,0.29,0.0,0.18,0.33,0.55,0.67,0.18,0.17,0.2,0.29,0.47,1.29,0.47,5.2,22.13,8.06,2024_2025
422,Ola Aina,Nott'm Forest,Defender,5.3,38.0,3.37,1.0,0.05,0.0,0.03,0.0,0.32,0.0,1.03,1.33,0.02,0.01,0.06,0.13,1.07,1.07,0.15,5.3,35.33,4.95,2024_2025
95,Mathias Jensen,Bournemouth,Midfielder,5.3,38.0,1.0,1.0,0.0,0.0,0.05,0.0,0.05,0.0,0.45,0.0,0.01,0.0,0.05,0.05,0.43,0.36,0.060000000000000005,5.3,88.33,14.72,2024_2025
220,Dominic Calvert-Lewin,Crystal Palace,Forward,5.4,38.0,1.66,1.0,0.08,0.0,0.05,0.0,0.21,0.0,0.47,0.0,0.17,0.14,0.02,0.0,0.65,0.44,0.17,5.4,31.76,12.27,2024_2025
268,Liam Delap,Fulham,Forward,5.6,37.0,3.47,1.0,0.32,0.0,0.05,0.0,0.08,0.0,1.53,0.67,0.25,0.02,0.04,0.0,1.41,0.31,0.25,5.6,22.4,18.06,2024_2025
207,Jean-Philippe Mateta,Chelsea,Forward,7.5,38.0,3.95,1.33,0.37,0.0,0.05,0.0,0.24,0.33,0.97,0.0,0.36,0.49,0.06,0.02,1.0,0.54,0.38,5.64,19.74,13.89,2024_2025
263,Cameron Burgess,Fulham,Defender,3.8,36.0,0.68,0.67,0.0,0.0,0.05,0.0,0.0,0.0,0.97,0.33,0.03,0.12,0.01,0.0,0.93,0.47,0.03,5.67,126.67,8.09,2024_2025
536,Daniel Bentley,Wolves,Goalkeeper,3.9,37.0,0.24,0.67,0.0,0.0,0.0,0.0,0.03,0.0,0.11,1.33,0.0,0.0,0.0,0.0,0.08,0.56,0.0,5.82,inf,6.96,2024_2025
713,Julio Soler,Burnley,Defender,3.9,38.0,0.17,0.67,0.0,0.0,0.0,0.0,0.0,0.0,0.06,0.33,0.0,0.0,0.0,0.0,0.0,0.03,0.0,5.82,inf,130.0,2024_2025
596,João Pedro Ferreira Silva,Nott'm Forest,Midfielder,5.9,38.0,1.37,1.0,0.08,0.0,0.05,0.0,0.03,0.0,0.42,0.0,0.06,0.03,0.05,0.0,0.33,0.08,0.06,5.9,98.33,73.75,2024_2025
107,Igor Thiago Nascimento Rodrigues,Bournemouth,Forward,5.9,38.0,0.24,1.0,0.0,0.0,0.0,0.0,0.0,0.0,0.11,0.0,0.0,0.01,0.0,0.0,0.09,0.25,0.0,5.9,inf,23.6,2024_2025
719,Joachim Kayi-Sanda,Sunderland,Defender,4.0,38.0,0.11,0.67,0.0,0.0,0.0,0.0,0.0,0.0,0.06,0.33,0.0,0.0,0.0,0.0,0.01,0.07,0.0,5.97,inf,57.14,2024_2025
677,Ollie Scarles,West Ham,Defender,4.0,38.0,1.04,0.67,0.0,0.0,0.0,0.0,0.07,0.0,0.32,0.33,0.0,0.0,0.01,0.0,0.36,0.16,0.0,5.97,inf,25.0,2024_2025
491,Brennan Johnson,Spurs,Midfielder,6.2,38.0,3.61,1.0,0.29,0.0,0.16,0.0,0.05,0.0,1.0,1.33,0.28,0.16,0.05,0.0,1.02,0.78,0.28,6.2,22.14,7.95,2024_2025
267,Leif Davis,Fulham,Defender,4.2,38.0,1.37,0.67,0.03,0.0,0.05,0.0,0.05,0.0,1.87,1.67,0.03,0.03,0.12,0.19,1.6,0.6,0.22,6.27,19.09,7.0,2024_2025
191,Joachim Andersen,Everton,Defender,4.2,38.0,1.34,0.67,0.0,0.0,0.0,0.0,0.11,0.0,1.24,2.33,0.03,0.01,0.02,0.01,1.0,2.28,0.04,6.27,105.0,1.84,2024_2025
567,Toti António Gomes,Wolves,Defender,4.3,38.0,2.08,0.67,0.0,0.0,0.03,0.0,0.21,0.0,1.18,2.33,0.02,0.0,0.02,0.02,1.1,1.56,0.04,6.42,107.5,2.76,2024_2025
283,Christian Walton,Fulham,Goalkeeper,4.3,38.0,0.42,0.67,0.0,0.0,0.0,0.0,0.03,0.0,0.5,1.0,0.0,0.0,0.0,0.0,0.37,0.34,0.0,6.42,inf,12.65,2024_2025
277,Massimo Luongo,Fulham,Midfielder,4.3,38.0,0.34,0.67,0.0,0.0,0.0,0.0,0.0,0.0,0.16,0.0,0.0,0.0,0.0,0.0,0.18,0.01,0.0,6.42,inf,430.0,2024_2025
221,Séamus Coleman,Crystal Palace,Defender,4.3,37.0,0.13,0.67,0.0,0.0,0.0,0.0,0.0,0.0,0.11,0.0,0.02,0.0,0.0,0.01,0.12,0.04,0.03,6.42,143.33,107.5,2024_2025
12,Ethan Nwaneri,Arsenal,Midfielder,4.3,38.0,1.74,0.67,0.11,0.0,0.05,0.0,0.11,0.0,0.11,0.33,0.03,0.01,0.05,0.04,0.14,0.21,0.07,6.42,61.43,20.48,2024_2025
208,Matheus França de Oliveira,Chelsea,Midfielder,4.4,38.0,0.24,0.67,0.03,0.0,0.0,0.0,0.0,0.0,0.0,0.0,0.01,0.05,0.0,0.01,0.01,0.11,0.02,6.57,220.0,40.0,2024_2025
188,Lesley Ugochukwu,Sunderland,Midfielder,4.4,38.0,1.24,0.67,0.03,0.0,0.03,0.0,0.03,0.0,1.03,0.33,0.02,0.0,0.02,0.0,1.06,0.88,0.02,6.57,220.0,5.0,2024_2025
296,Victor Kristiansen,Leeds,Defender,4.4,38.0,0.89,0.67,0.0,0.0,0.03,0.0,0.03,0.0,1.63,0.67,0.0,0.0,0.05,0.0,1.43,0.61,0.0,6.57,inf,7.21,2024_2025
586,Jorge Cuenca Barreno,Everton,Defender,4.4,38.0,0.24,0.67,0.0,0.0,0.0,0.0,0.0,0.0,0.21,0.67,0.0,0.0,0.0,0.0,0.24,0.96,0.0,6.57,inf,4.58,2024_2025
767,Kevin Danso,Spurs,Defender,4.4,37.0,1.14,0.67,0.0,0.0,0.0,0.0,0.07,0.0,1.29,2.67,0.03,0.01,0.01,0.0,1.23,2.35,0.03,6.57,146.67,1.87,2024_2025
257,Kenny Tete,Everton,Defender,4.4,38.0,1.29,0.67,0.0,0.0,0.05,0.0,0.08,0.0,0.68,2.33,0.04,0.05,0.02,0.02,0.67,2.28,0.06,6.57,73.33,1.93,2024_2025
159,Trevoh Chalobah,Brighton,Defender,4.4,36.0,2.45,0.67,0.08,0.0,0.03,0.0,0.16,0.0,0.66,0.33,0.05,0.02,0.02,0.0,0.71,0.52,0.05,6.57,88.0,8.46,2024_2025
504,Djed Spence,Spurs,Defender,4.4,37.0,1.34,0.67,0.03,0.0,0.05,0.0,0.08,0.0,1.03,2.0,0.02,0.0,0.04,0.0,0.92,1.86,0.02,6.57,220.0,2.37,2024_2025
559,Nélson Cabral Semedo,Wolves,Defender,4.5,38.0,2.21,0.67,0.0,0.0,0.11,0.0,0.21,0.0,1.29,1.67,0.03,0.02,0.04,0.1,1.26,1.2,0.13,6.72,34.62,3.75,2024_2025
241,Calvin Bassey,Everton,Defender,4.5,37.0,1.97,0.67,0.03,0.0,0.0,0.0,0.13,0.0,1.24,1.67,0.03,0.0,0.01,0.01,1.03,1.33,0.04,6.72,112.5,3.38,2024_2025
797,Jake Evans,Leeds,Midfielder,4.5,38.0,0.57,0.67,0.0,0.0,0.0,0.0,0.0,0.0,0.14,0.33,0.0,0.0,0.0,0.0,0.03,0.06,0.0,6.72,inf,75.0,2024_2025
348,Phil Foden,Man City,Midfielder,9.1,38.0,2.76,1.33,0.18,0.0,0.08,0.0,0.16,0.33,0.63,0.0,0.14,0.01,0.14,0.07,0.77,0.18,0.21000000000000002,6.84,43.33,50.56,2024_2025
320,Endo Wataru,Liverpool,Midfielder,4.6,38.0,0.55,0.67,0.0,0.0,0.0,0.0,0.0,0.0,0.13,0.33,0.0,0.0,0.0,0.0,0.11,0.39,0.0,6.87,inf,11.79,2024_2025
541,Matheus Santos Carneiro Da Cunha,Wolves,Forward,7.0,38.0,4.68,1.0,0.39,0.0,0.18,0.0,0.18,0.0,1.42,1.0,0.23,0.23,0.14,0.09,1.17,0.97,0.32,7.0,21.88,7.22,2024_2025
316,Darwin Núñez Ribeiro,Liverpool,Forward,7.0,38.0,1.74,1.0,0.13,0.0,0.08,0.0,0.05,0.0,0.55,1.0,0.15,0.18,0.01,0.02,0.44,0.86,0.16999999999999998,7.0,41.18,8.14,2024_2025
255,Antonee Robinson,Everton,Defender,4.7,38.0,2.79,0.67,0.0,0.0,0.26,0.0,0.13,0.0,1.29,1.33,0.02,0.0,0.11,0.04,1.18,1.89,0.06,7.01,78.33,2.49,2024_2025
401,Alexander Isak,Newcastle,Forward,9.4,38.0,5.55,1.33,0.61,0.0,0.16,0.0,0.32,0.33,1.08,0.33,0.54,0.16,0.09,0.02,0.97,0.56,0.56,7.07,16.79,16.79,2024_2025
383,André Onana,Man Utd,Goalkeeper,4.9,37.0,3.16,0.67,0.0,0.0,0.0,0.0,0.24,0.0,1.16,0.33,0.0,0.0,0.01,0.0,1.26,0.27,0.0,7.31,inf,18.15,2024_2025
590,William Osula,Newcastle,Forward,4.9,38.0,0.5,0.67,0.03,0.0,0.0,0.0,0.0,0.0,0.08,0.0,0.0,0.01,0.0,0.01,0.08,0.13,0.01,7.31,490.0,37.69,2024_2025
480,Rodrigo Bentancur,Spurs,Midfielder,4.9,38.0,1.29,0.67,0.05,0.0,0.0,0.0,0.08,0.0,0.68,1.0,0.04,0.0,0.03,0.01,0.71,1.15,0.05,7.31,98.0,4.26,2024_2025
452,Joe Aribo,Sunderland,Midfielder,4.9,37.0,1.89,0.67,0.08,0.0,0.0,0.0,0.03,0.0,1.47,0.67,0.07,0.0,0.03,0.0,1.49,1.29,0.07,7.31,70.0,3.8,2024_2025
411,Lewis Miley,Newcastle,Midfielder,5.0,37.0,0.55,0.67,0.03,0.0,0.0,0.0,0.0,0.0,0.11,0.0,0.02,0.0,0.01,0.01,0.15,0.08,0.03,7.46,166.67,62.5,2024_2025
434,Callum Hudson-Odoi,Nott'm Forest,Midfielder,5.1,38.0,2.71,0.67,0.13,0.0,0.08,0.0,0.29,0.0,0.61,0.33,0.07,0.0,0.07,0.0,0.73,0.09,0.07,7.61,72.86,56.67,2024_2025
29,Ross Barkley,Aston Villa,Midfielder,5.2,38.0,1.16,0.67,0.08,0.0,0.03,0.0,0.03,0.0,0.26,0.33,0.05,0.03,0.01,0.0,0.17,0.29,0.05,7.76,104.0,17.93,2024_2025
725,Donyell Malen,Aston Villa,Midfielder,5.3,38.0,2.0,0.67,0.18,0.0,0.0,0.0,0.0,0.0,0.35,0.33,0.13,0.0,0.01,0.03,0.28,0.29,0.16,7.91,33.12,18.28,2024_2025
578,Riccardo Calafiori,Arsenal,Defender,5.8,37.0,1.03,0.67,0.05,0.0,0.03,0.0,0.03,0.0,0.32,0.0,0.02,0.0,0.02,0.0,0.27,0.26,0.02,8.66,290.0,22.31,2024_2025
372,Alejandro Garnacho,Man Utd,Midfielder,5.9,37.0,2.79,0.67,0.16,0.0,0.11,0.0,0.13,0.0,0.95,0.33,0.19,0.04,0.07,0.02,0.93,0.18,0.21,8.81,28.1,32.78,2024_2025
571,Sávio 'Savinho' Moreira de Oliveira,Man City,Midfielder,6.0,38.0,2.79,0.67,0.03,0.0,0.29,0.0,0.21,0.0,0.66,0.0,0.13,0.05,0.16,0.02,0.56,0.16,0.15,8.96,40.0,37.5,2024_2025
18,William Saliba,Arsenal,Defender,6.4,37.0,3.42,0.67,0.05,0.0,0.0,0.0,0.32,0.0,0.76,0.67,0.06,0.0,0.03,0.0,0.8,1.34,0.06,9.55,106.67,4.78,2024_2025
503,Son Heung-min,Spurs,Midfielder,9.7,37.0,3.39,1.0,0.18,0.0,0.26,0.0,0.11,0.0,0.92,0.67,0.19,0.06,0.13,0.01,1.0,0.72,0.2,9.7,48.5,13.47,2024_2025
339,Virgil van Dijk,Liverpool,Defender,6.7,38.0,3.76,0.67,0.08,0.0,0.03,0.0,0.37,0.0,1.0,1.0,0.06,0.0,0.03,0.02,0.95,1.35,0.08,10.0,83.75,4.96,2024_2025
186,Raheem Sterling,Arsenal,Midfielder,6.7,38.0,0.68,0.67,0.0,0.0,0.05,0.0,0.03,0.0,0.11,0.33,0.04,0.04,0.01,0.0,0.11,0.21,0.04,10.0,167.5,31.9,2024_2025
636,Federico Chiesa,Liverpool,Midfielder,6.8,37.0,0.19,0.67,0.0,0.0,0.0,0.0,0.0,0.0,0.08,0.33,0.01,0.03,0.0,0.02,0.08,0.34,0.03,10.15,226.67,20.0,2024_2025
497,Richarlison de Andrade,Spurs,Forward,6.8,38.0,0.92,0.67,0.11,0.0,0.03,0.0,0.03,0.0,0.24,0.67,0.1,0.0,0.02,0.0,0.19,0.34,0.1,10.15,68.0,20.0,2024_2025
317,Diogo Teixeira da Silva,Liverpool,Midfielder,7.2,38.0,2.29,0.67,0.16,0.0,0.11,0.0,0.18,0.0,0.32,0.0,0.21,0.14,0.03,0.0,0.31,0.21,0.21,10.75,34.29,34.29,2024_2025
311,Trent Alexander-Arnold,Liverpool,Defender,7.2,38.0,3.89,0.67,0.08,0.0,0.18,0.0,0.32,0.0,0.66,0.33,0.05,0.02,0.19,0.13,0.57,0.47,0.18,10.75,40.0,15.32,2024_2025
275,Ben Johnson,Fulham,Defender,3.8,36.0,0.79,0.33,0.03,0.0,0.05,0.0,0.0,0.0,1.03,0.0,0.03,0.0,0.02,0.0,1.0,0.0,0.03,11.52,126.67,inf,2024_2025
556,Tom King,Wolves,Goalkeeper,3.9,38.0,0.03,0.33,0.0,0.0,0.0,0.0,0.0,0.0,0.0,0.0,0.0,0.0,0.0,0.0,0.0,0.05,0.0,11.82,inf,78.0,2024_2025
477,Nathan Wood-Gordon,Sunderland,Defender,3.9,38.0,0.37,0.33,0.0,0.0,0.0,0.0,0.03,0.0,0.53,1.33,0.01,0.0,0.0,0.0,0.57,1.63,0.01,11.82,390.0,2.39,2024_2025
475,Charlie Taylor,Sunderland,Defender,3.9,38.0,0.16,0.33,0.0,0.0,0.0,0.0,0.0,0.0,0.32,0.67,0.0,0.0,0.0,0.01,0.26,0.73,0.01,11.82,390.0,5.34,2024_2025
333,Jarell Quansah,Liverpool,Defender,3.9,37.0,0.24,0.33,0.0,0.0,0.0,0.0,0.0,0.0,0.32,1.0,0.0,0.0,0.0,0.0,0.27,0.73,0.0,11.82,inf,5.34,2024_2025
301,Caleb Okoli,Leeds,Defender,4.0,36.0,0.71,0.33,0.03,0.0,0.0,0.0,0.03,0.0,0.68,0.0,0.02,0.0,0.0,0.0,0.73,0.01,0.02,12.12,200.0,400.0,2024_2025
796,Olabade Aluko,Leeds,Defender,4.0,38.0,0.14,0.33,0.0,0.0,0.0,0.0,0.0,0.0,0.0,0.0,0.0,0.0,0.0,0.0,0.01,0.01,0.0,12.12,inf,400.0,2024_2025
670,Harry Amass,Man Utd,Defender,4.0,36.0,0.13,0.33,0.0,0.0,0.0,0.0,0.0,0.0,0.3,0.67,0.0,0.01,0.0,0.01,0.21,0.52,0.01,12.12,400.0,7.69,2024_2025
496,Sergio Reguilón,Spurs,Defender,4.1,37.0,0.05,0.33,0.0,0.0,0.0,0.0,0.0,0.0,0.08,0.67,0.0,0.02,0.01,0.0,0.06,0.43,0.0,12.42,inf,9.53,2024_2025
302,Ricardo Barbosa Pereira,Leeds,Defender,4.1,37.0,0.26,0.33,0.0,0.0,0.0,0.0,0.0,0.0,0.21,0.67,0.0,0.0,0.0,0.0,0.19,0.29,0.0,12.42,inf,14.14,2024_2025
474,Sugawara Yukinari,Sunderland,Defender,4.2,38.0,1.13,0.33,0.03,0.0,0.03,0.0,0.05,0.0,1.21,0.67,0.01,0.0,0.06,0.0,1.08,0.73,0.01,12.73,420.0,5.75,2024_2025
467,Ryan Manning,Sunderland,Defender,4.3,36.0,0.89,0.33,0.0,0.0,0.05,0.0,0.03,0.0,0.92,0.0,0.01,0.0,0.07,0.0,0.96,0.04,0.01,13.03,430.0,107.5,2024_2025
128,Igor Julio dos Santos de Paulo,Brentford,Defender,4.3,38.0,0.47,0.33,0.0,0.0,0.0,0.0,0.03,0.0,0.45,0.33,0.0,0.0,0.01,0.01,0.45,0.65,0.01,13.03,430.0,6.62,2024_2025
226,Tim Iroegbunam,Crystal Palace,Midfielder,4.3,36.0,0.58,0.33,0.0,0.0,0.03,0.0,0.0,0.0,0.42,0.0,0.01,0.0,0.0,0.0,0.32,0.04,0.01,13.03,430.0,107.5,2024_2025
484,Ben Davies,Spurs,Defender,4.3,38.0,0.74,0.33,0.0,0.0,0.0,0.0,0.08,0.0,0.68,2.0,0.01,0.0,0.01,0.0,0.68,1.91,0.01,13.03,430.0,2.25,2024_2025
564,Santiago Bueno,Wolves,Defender,4.3,38.0,1.37,0.33,0.0,0.0,0.0,0.0,0.13,0.0,0.89,0.0,0.01,0.0,0.0,0.0,0.77,0.05,0.01,13.03,430.0,86.0,2024_2025
592,Julián Araujo Zúñiga,Burnley,Defender,4.3,36.0,0.32,0.33,0.0,0.0,0.0,0.0,0.0,0.0,0.26,0.67,0.0,0.0,0.0,0.02,0.26,0.48,0.02,13.03,215.0,8.96,2024_2025
572,Leny Yoro,Man Utd,Defender,4.3,36.0,0.58,0.33,0.0,0.0,0.0,0.0,0.03,0.0,0.63,0.33,0.02,0.0,0.0,0.0,0.51,0.31,0.02,13.03,215.0,13.87,2024_2025
92,Rico Henry,Bournemouth,Defender,4.3,37.0,0.11,0.33,0.0,0.0,0.0,0.0,0.0,0.0,0.08,0.0,0.0,0.0,0.0,0.0,0.06,0.02,0.0,13.03,inf,215.0,2024_2025
371,Jonny Evans,Man Utd,Defender,4.4,38.0,0.39,0.33,0.0,0.0,0.0,0.0,0.03,0.0,0.05,0.0,0.0,0.01,0.0,0.0,0.08,0.11,0.0,13.33,inf,40.0,2024_2025
520,Emerson Palmieri dos Santos,West Ham,Defender,4.4,36.0,2.0,0.33,0.05,0.0,0.03,0.0,0.13,0.0,1.08,0.0,0.05,0.0,0.06,0.0,0.99,0.17,0.05,13.33,88.0,25.88,2024_2025
97,Yunus Emre Konak,Bournemouth,Midfielder,4.4,36.0,0.26,0.33,0.0,0.0,0.0,0.0,0.0,0.0,0.05,0.0,0.0,0.0,0.0,0.0,0.05,0.06,0.0,13.33,inf,73.33,2024_2025
131,Tariq Lamptey,Brentford,Defender,4.4,36.0,1.11,0.33,0.05,0.0,0.05,0.0,0.05,0.0,0.55,0.0,0.01,0.0,0.02,0.03,0.4,0.28,0.04,13.33,110.0,15.71,2024_2025
86,Kristoffer Ajer,Bournemouth,Defender,4.4,38.0,1.03,0.33,0.0,0.0,0.0,0.0,0.08,0.0,0.66,0.67,0.03,0.05,0.01,0.0,0.57,0.09,0.03,13.33,146.67,48.89,2024_2025
605,Martial Godo,Everton,Midfielder,4.4,36.0,0.05,0.33,0.0,0.0,0.0,0.0,0.0,0.0,0.0,0.0,0.0,0.0,0.0,0.02,0.0,0.03,0.02,13.33,220.0,146.67,2024_2025
410,Sean Longstaff,Newcastle,Midfielder,4.4,36.0,0.89,0.33,0.0,0.0,0.03,0.0,0.05,0.0,0.29,0.0,0.02,0.0,0.01,0.0,0.3,0.0,0.02,13.33,220.0,inf,2024_2025
687,Ben Winterburn,Burnley,Midfielder,4.5,38.0,0.15,0.33,0.0,0.0,0.0,0.0,0.0,0.0,0.0,0.0,0.0,0.0,0.0,0.0,0.01,0.0,0.0,13.64,inf,inf,2024_2025
795,Harry Howell,Brentford,Midfielder,4.5,37.0,0.14,0.33,0.0,0.0,0.0,0.0,0.0,0.0,0.0,0.0,0.0,0.0,0.01,0.02,0.0,0.0,0.02,13.64,225.0,inf,2024_2025
51,Robin Olsen,Aston Villa,Goalkeeper,4.5,38.0,0.24,0.33,0.0,0.0,0.0,0.0,0.03,0.0,0.16,0.67,0.0,0.0,0.0,0.0,0.14,0.58,0.0,13.64,inf,7.76,2024_2025
506,Micky van de Ven,Spurs,Defender,4.5,38.0,0.84,0.33,0.0,0.0,0.05,0.0,0.05,0.0,0.45,0.67,0.01,0.0,0.02,0.0,0.35,0.44,0.01,13.64,450.0,10.23,2024_2025
784,Mateus Mané,Wolves,Forward,4.5,36.0,0.08,0.33,0.0,0.0,0.0,0.0,0.0,0.0,0.0,0.0,0.0,0.0,0.0,0.0,0.0,0.0,0.0,13.64,inf,inf,2024_2025
776,Chido Obi-Martin,Man Utd,Forward,4.5,38.0,0.5,0.33,0.0,0.0,0.0,0.0,0.0,0.0,0.36,0.0,0.05,0.02,0.0,0.0,0.26,0.11,0.05,13.64,90.0,40.91,2024_2025
337,Konstantinos Tsimikas,Liverpool,Defender,4.6,37.0,1.13,0.33,0.0,0.0,0.03,0.0,0.11,0.0,0.21,1.0,0.01,0.0,0.06,0.01,0.24,0.73,0.02,13.94,230.0,6.3,2024_2025
357,James McAtee,Man City,Midfielder,4.6,36.0,0.82,0.33,0.08,0.0,0.0,0.0,0.0,0.0,0.16,0.0,0.07,0.0,0.02,0.06,0.14,0.01,0.13,13.94,35.38,460.0,2024_2025
526,Luis Guilherme Lira dos Santos,West Ham,Midfielder,4.6,37.0,0.32,0.33,0.0,0.0,0.0,0.0,0.0,0.0,0.13,0.0,0.01,0.04,0.0,0.0,0.07,0.03,0.01,13.94,460.0,153.33,2024_2025
7,Jorge Luiz Frello Filho,Arsenal,Midfielder,4.6,37.0,0.53,0.33,0.0,0.0,0.0,0.0,0.05,0.0,0.18,0.0,0.0,0.0,0.02,0.0,0.16,0.07,0.0,13.94,inf,65.71,2024_2025
420,Joe Willock,Newcastle,Midfielder,4.7,38.0,1.21,0.33,0.0,0.0,0.05,0.0,0.11,0.0,0.42,0.33,0.04,0.02,0.02,0.0,0.4,0.27,0.04,14.24,117.5,17.41,2024_2025
77,Alex Scott,Burnley,Midfielder,4.7,38.0,0.68,0.33,0.0,0.0,0.0,0.0,0.08,0.0,0.21,0.33,0.02,0.02,0.03,0.04,0.27,0.31,0.06,14.24,78.33,15.16,2024_2025
343,Oscar Bobb,Man City,Midfielder,4.7,37.0,0.08,0.33,0.0,0.0,0.0,0.0,0.0,0.0,0.03,0.33,0.0,0.0,0.0,0.0,0.01,0.1,0.0,14.24,inf,47.0,2024_2025
429,Danilo dos Santos de Oliveira,Nott'm Forest,Midfielder,4.7,37.0,0.29,0.33,0.0,0.0,0.0,0.0,0.03,0.0,0.11,0.33,0.0,0.0,0.0,0.0,0.13,0.06,0.0,14.24,inf,78.33,2024_2025
508,Guglielmo Vicario,Spurs,Goalkeeper,4.8,38.0,1.74,0.33,0.0,0.0,0.0,0.0,0.11,0.0,0.97,1.33,0.0,0.0,0.0,0.0,0.88,0.76,0.0,14.55,inf,6.32,2024_2025
470,Paul Onuachu,Sunderland,Forward,4.9,38.0,1.34,0.33,0.11,0.0,0.03,0.0,0.03,0.0,0.68,0.33,0.1,0.0,0.01,0.0,0.64,0.15,0.1,14.85,49.0,32.67,2024_2025
607,Nico O'Reilly,Man City,Midfielder,4.9,36.0,0.82,0.33,0.05,0.0,0.0,0.0,0.08,0.0,0.08,0.0,0.03,0.0,0.02,0.0,0.14,0.0,0.03,14.85,163.33,inf,2024_2025
652,Manuel Ugarte,Man Utd,Midfielder,4.9,36.0,1.4,0.33,0.03,0.0,0.06,0.0,0.11,0.0,0.94,1.0,0.03,0.0,0.02,0.01,0.84,0.51,0.04,14.85,122.5,9.61,2024_2025
654,Carlos Soler,West Ham,Midfielder,5.0,36.0,1.34,0.33,0.03,0.0,0.03,0.0,0.06,0.0,0.71,0.33,0.05,0.04,0.06,0.21,0.82,0.7,0.26,15.15,19.23,7.14,2024_2025
134,James Milner,Brentford,Midfielder,5.0,38.0,0.16,0.33,0.0,0.0,0.0,0.0,0.03,0.0,0.03,0.0,0.0,0.0,0.0,0.0,0.05,0.0,0.0,15.15,inf,inf,2024_2025
772,Willian Borges da Silva,Everton,Midfielder,5.0,36.0,0.93,0.33,0.0,0.0,0.0,0.0,0.07,0.0,0.21,0.0,0.02,0.0,0.05,0.02,0.32,0.03,0.04,15.15,125.0,166.67,2024_2025
369,Diogo Dalot Teixeira,Man Utd,Defender,5.0,38.0,2.5,0.33,0.0,0.0,0.11,0.0,0.21,0.0,1.18,0.0,0.05,0.01,0.06,0.0,1.24,0.01,0.05,15.15,100.0,500.0,2024_2025
64,Lewis Cook,Burnley,Midfielder,5.0,37.0,2.16,0.33,0.03,0.0,0.11,0.0,0.13,0.0,1.16,1.33,0.02,0.0,0.1,0.01,1.19,0.81,0.03,15.15,166.67,6.17,2024_2025
53,Jacob Ramsey,Aston Villa,Midfielder,5.4,38.0,1.74,0.33,0.03,0.0,0.11,0.0,0.13,0.33,0.68,0.67,0.04,0.04,0.06,0.02,0.63,0.5,0.06,16.36,90.0,10.8,2024_2025
57,Youri Tielemans,Aston Villa,Midfielder,5.5,38.0,3.18,0.33,0.08,0.0,0.18,0.0,0.18,0.0,1.21,0.67,0.09,0.06,0.15,0.0,1.15,0.47,0.09,16.67,61.11,11.7,2024_2025
424,Taiwo Awoniyi,Nott'm Forest,Forward,5.5,36.0,0.84,0.33,0.03,0.0,0.0,0.0,0.03,0.0,0.26,0.0,0.06,0.0,0.0,0.0,0.18,0.05,0.06,16.67,91.67,110.0,2024_2025
166,Kiernan Dewsbury-Hall,Brighton,Midfielder,5.5,38.0,0.47,0.33,0.0,0.0,0.03,0.0,0.0,0.0,0.08,0.0,0.01,0.0,0.01,0.0,0.1,0.2,0.01,16.67,550.0,27.5,2024_2025
418,Kieran Trippier,Newcastle,Defender,5.6,38.0,1.89,0.33,0.0,0.0,0.08,0.0,0.16,0.0,0.47,0.33,0.0,0.01,0.04,0.02,0.45,0.19,0.02,16.97,280.0,29.47,2024_2025
611,Sam Szmodics,Fulham,Midfielder,5.7,38.0,1.42,0.33,0.11,0.0,0.0,0.0,0.05,0.0,0.47,0.33,0.09,0.0,0.01,0.0,0.61,0.03,0.09,17.27,63.33,190.0,2024_2025
527,Lucas Tolentino Coelho de Lima,West Ham,Midfielder,5.7,38.0,2.11,0.33,0.11,0.0,0.03,0.0,0.11,0.0,1.32,0.33,0.14,0.05,0.09,0.01,1.14,0.29,0.15000000000000002,17.27,38.0,19.66,2024_2025
785,Claudio Echeverri,Man City,Midfielder,5.8,38.0,0.09,0.33,0.0,0.0,0.0,0.0,0.0,0.0,0.0,0.0,0.0,0.0,0.0,0.0,0.04,0.15,0.0,17.58,inf,38.67,2024_2025
550,Hwang Hee-chan,Wolves,Midfielder,6.1,37.0,0.97,0.33,0.05,0.0,0.03,0.0,0.0,0.0,0.5,0.33,0.02,0.0,0.01,0.0,0.33,0.16,0.02,18.48,305.0,38.12,2024_2025
492,Dejan Kulusevski,Spurs,Midfielder,6.2,36.0,3.08,0.33,0.18,0.0,0.11,0.0,0.16,0.0,1.08,0.0,0.11,0.01,0.11,0.0,1.12,0.06,0.11,18.79,56.36,103.33,2024_2025
28,Leon Bailey,Aston Villa,Midfielder,6.2,37.0,1.24,0.33,0.03,0.0,0.05,0.0,0.05,0.0,0.5,0.0,0.05,0.0,0.08,0.0,0.37,0.0,0.05,18.79,124.0,inf,2024_2025
360,Rodrigo 'Rodri' Hernandez,Man City,Midfielder,6.2,37.0,0.08,0.33,0.0,0.0,0.0,0.0,0.0,0.0,0.03,0.33,0.0,0.0,0.0,0.0,0.01,0.1,0.0,18.79,inf,62.0,2024_2025
329,Alexis Mac Allister,Liverpool,Midfielder,6.2,36.0,3.21,0.33,0.13,0.0,0.16,0.0,0.37,0.0,0.63,0.33,0.08,0.0,0.15,0.05,0.64,0.28,0.13,18.79,47.69,22.14,2024_2025
349,Jack Grealish,Man City,Midfielder,6.4,37.0,1.0,0.33,0.03,0.0,0.03,0.0,0.05,0.0,0.26,0.33,0.03,0.0,0.04,0.0,0.3,0.1,0.03,19.39,213.33,64.0,2024_2025
4,Kai Havertz,Arsenal,Forward,7.7,38.0,2.55,0.33,0.24,0.0,0.08,0.0,0.18,0.0,0.53,0.0,0.25,0.05,0.04,0.01,0.51,0.11,0.26,23.33,29.62,70.0,2024_2025
